0.0486964986794662,0.0468849197944366,19
0.0486964986794662,0.0468849197944366,19
0.0468849197944366,0.0468849197944366,20
0.0468849197944366,0.0445766500473305,20
0.0468849197944366,0.0468849197944366,20
0.0468849197944366,0.0445766500473305,20
0.0439229099122081,0.0445766500473305,21
0.0439229099122081,0.0423867687759703,21
0.0439229099122081,0.0423867687759703,21
0.0391423828171942,0.0423867687759703,22
0.0391423828171942,0.03778976961759,22
0.0391423828171942,0.0423867687759703,22
0.0391423828171942,0.03778976961759,22
0.034168951118345,0.03778976961759,23
0.034168951118345,0.0329504019598017,23
0.000347122958571802,0.000347122958571802,15835
0.000347122958571802,0.000347068215746817,15835
0.000347068215746817,0.000347068215746817,15836
0.000347068215746817,0.000347014074339484,15836
0.000347014074339484,0.000347014074339484,15837
0.000347014074339484,0.00034696034440153,15837
0.00034696034440153,0.00034696034440153,15838
0.00034696034440153,0.000346906922541339,15838
0.000346906922541339,0.000346906922541339,15839
0.000346906922541339,0.000346853932396954,15839
0.000346853932396954,0.000346853932396954,15840
0.000345474820138136,0.000345474820138136,15851
0.000345474820138136,0.000345408431810525,15851
0.000345408431810525,0.000345408431810525,15852
0.000345386409005719,0.000345386409005719,15927
0.000345386409005719,0.000345315921391649,15927
0.000345315921391649,0.000345315921391649,15928
0.000345315921391649,0.000345247521803485,15928
0.000345247521803485,0.000345247521803485,15929
0.000345247521803485,0.000345181181746056,15929
0.000345181181746056,0.000345181181746056,15930
0.000345181181746056,0.00034511628020121,15930
0.00034511628020121,0.00034511628020121,15931
0.00034511628020121,0.000345052787453192,15931
0.000345052787453192,0.000345052787453192,15932
0.000345052787453192,0.000344990833001982,15932
0.000344990833001982,0.000344990833001982,15933
0.000344990833001982,0.000344930421561893,15933
0.000344930421561893,0.000344930421561893,15934
0.000344930421561893,0.000344871526098483,15934
0.000344871526098483,0.000344871526098483,15935
0.000344871526098483,0.000344813789648587,15935
0.000344813789648587,0.000344813789648587,15936
0.000344813789648587,0.00034475737399151,15936
0.00034475737399151,0.00034475737399151,15937
0.00034475737399151,0.000344702286750912,15937
0.000344702286750912,0.000344702286750912,15938
0.000344702286750912,0.000344648479460976,15938
0.000344648479460976,0.000344648479460976,15939
0.000344648479460976,0.000344415666188827,15939
0.000344415666188827,0.000344415666188827,15940
0.000343777242340428,0.000343777242340428,16317
0.000343777242340428,0.000343718957522022,16317
0.000343718957522022,0.000343718957522022,16318
0.000343718957522022,0.000343197008236859,16318
0.000343197008236859,0.000343197008236859,16319
0.000343197008236859,0.000343154407768121,16319
0.000343154407768121,0.000343154407768121,16320
0.000343154407768121,0.000343113036102486,16320
0.000343113036102486,0.000343113036102486,16321
0.000343113036102486,0.000343072838664306,16321
0.000343072838664306,0.000343072838664306,16322
0.000343072838664306,0.000343033627435201,16322
0.000343033627435201,0.000343033627435201,16323
0.000343033627435201,0.000342995292395267,16323
0.000342995292395267,0.000342995292395267,16324
0.000342995292395267,0.000342957841500987,16324
0.000342957841500987,0.000342957841500987,16325
0.000342957841500987,0.000342921202070042,16325
0.000342921202070042,0.000342921202070042,16326
0.000342921202070042,0.000342885314448521,16326
0.000342885314448521,0.000342885314448521,16327
0.000342885314448521,0.000342850295565048,16327
0.000342850295565048,0.000342850295565048,16328
0.000342850295565048,0.000342815894968691,16328
0.000342815894968691,0.000342815894968691,16329
0.000342815894968691,0.000342782230134281,16329
0.000342782230134281,0.000342782230134281,16330
0.000342782230134281,0.000342749289557099,16330
0.000342749289557099,0.000342749289557099,16331
0.000342749289557099,0.000342716902286687,16331
0.000342716902286687,0.000342716902286687,16332
0.000342716902286687,0.000342685092794477,16332
0.000342685092794477,0.000342685092794477,16333
0.000342675421042985,0.000342675421042985,16360
0.000342675421042985,0.000342628948715058,16360
0.000342628948715058,0.000342628948715058,16361
0.000342628948715058,0.000342583813497149,16361
0.000342583813497149,0.000342583813497149,16362
0.000342583813497149,0.000342539617824362,16362
0.000342539617824362,0.000342539617824362,16363
0.000342539617824362,0.000342496480223941,16363
0.000342496480223941,0.000342496480223941,16364
0.000342496480223941,0.000342454434205514,16364
0.000342454434205514,0.000342454434205514,16365
0.000342432471483782,0.000342432471483782,16410
0.000342432471483782,0.000342383733389504,16410
0.000342383733389504,0.000342383733389504,16411
0.000342383733389504,0.000342336700855667,16411
0.000342336700855667,0.000342336700855667,16412
0.000342336700855667,0.000342290812798597,16412
0.000342290812798597,0.000342290812798597,16413
0.000342290812798597,0.0003422463751494,16413
0.0003422463751494,0.0003422463751494,16414
0.0003422463751494,0.000342203239705215,16414
0.000342203239705215,0.000342203239705215,16415
0.000342203239705215,0.00034216147970288,16415
0.00034216147970288,0.00034216147970288,16416
0.00034216147970288,0.000342120773026344,16416
0.000342120773026344,0.000342120773026344,16417
0.000342120773026344,0.000342081252333816,16417
0.000342081252333816,0.000342081252333816,16418
0.000342081252333816,0.00034204280177951,16418
0.00034204280177951,0.00034204280177951,16419
0.00034204280177951,0.000342005490453564,16419
0.000342005490453564,0.000342005490453564,16420
0.000342005490453564,0.000341969039983269,16420
0.000341969039983269,0.000341969039983269,16421
0.000341969039983269,0.000341933339331375,16421
0.000341933339331375,0.000341933339331375,16422
0.000341914097348563,0.000341914097348563,16725
0.000341914097348563,0.000341622090926277,16725
0.000341622090926277,0.000341622090926277,16726
0.000341622090926277,0.0003415903227937,16726
0.0003415903227937,0.0003415903227937,16727
0.0003415903227937,0.000341559908491449,16727
0.000341559908491449,0.000341559908491449,16728
0.000341559908491449,0.000341530600929921,16728
0.000341530600929921,0.000341530600929921,16729
0.000341530600929921,0.000341502411879614,16729
0.000341502411879614,0.000341502411879614,16730
0.000341502411879614,0.000341475034818004,16730
0.000341475034818004,0.000341475034818004,16731
0.000341475034818004,0.000341448456052727,16731
0.000341448456052727,0.000341448456052727,16732
0.000341448456052727,0.000341422947371164,16732
0.000341422947371164,0.000341422947371164,16733
0.000341422947371164,0.000341397953472845,16733
0.000341397953472845,0.000341397953472845,16734
0.000341397953472845,0.000341373659993008,16734
0.000341373659993008,0.000341373659993008,16735
0.000341373659993008,0.000341350013830819,16735
0.000341350013830819,0.000341350013830819,16736
0.000341350013830819,0.000341326865390014,16736
0.000341326865390014,0.000341326865390014,16737
0.000341326865390014,0.000341304272677712,16737
0.000341304272677712,0.000341304272677712,16738
0.000341304272677712,0.000341282134725864,16738
0.000333568572934341,0.000341282134725864,16739
0.000333568572934341,0.000333547119965126,16739
0.000326582820322565,0.000333547119965126,16740
0.000326582820322565,0.000326561738240968,16740
0.000319731187768425,0.000326561738240968,16741
0.000319731187768425,0.000319710711028871,16741
0.000313834197725082,0.000319710711028871,16742
0.000313834197725082,0.000313813941052285,16742
0.00030792528554986,0.000313813941052285,16743
0.00030792528554986,0.000307905512132201,16743
0.000303081010517889,0.000307905512132201,16744
0.000303081010517889,0.000303061482267519,16744
0.000296332955425978,0.000303061482267519,16745
0.000296332955425978,0.00029631410319823,16745
0.000292538060375379,0.00029631410319823,16746
0.000292538060375379,0.000292519273593439,16746
0.000286275014895653,0.000292519273593439,16747
0.000286275014895653,0.00028625667439316,16747
0.000284452080421098,0.00028625667439316,16748
0.000284434871140631,0.000284434871140631,17181
0.000284434871140631,0.000284376219673244,17181
0.000284376219673244,0.000284376219673244,17182
0.000284376219673244,0.000284319605687698,17182
0.000284319605687698,0.000284319605687698,17183
0.000284319605687698,0.000284264999956099,17183
0.000284264999956099,0.000284264999956099,17184
0.000284264999956099,0.000284212165089648,17184
0.000284212165089648,0.000284212165089648,17185
0.000284212165089648,0.000284161089437242,17185
0.000284161089437242,0.000284161089437242,17186
0.000284161089437242,0.000284026558557646,17186
0.000284026558557646,0.000284026558557646,17187
0.000284008791592476,0.000284008791592476,18040
0.000284008791592476,0.000283964596271401,18040
0.000283964596271401,0.000283964596271401,18041
0.000283964596271401,0.000283921641485219,18041
0.000283921641485219,0.000283921641485219,18042
0.000283921641485219,0.000283880134450078,18042
0.000283880134450078,0.000283880134450078,18043
0.000283880134450078,0.00028383987267303,18043
0.00028383987267303,0.00028383987267303,18044
0.00028383987267303,0.000283800921420025,18044
0.000283800921420025,0.000283800921420025,18045
0.000283742622838844,0.000283742622838844,18966
0.000283742622838844,0.000283676715993361,18966
0.000283676715993361,0.000283676715993361,18967
0.000283676715993361,0.000283612151568728,18967
0.000283612151568728,0.000283612151568728,18968
0.000283612151568728,0.000283548873424561,18968
0.000283548873424561,0.000283548873424561,18969
0.000283548873424561,0.000283486924053315,18969
0.000283486924053315,0.000283486924053315,18970
0.000283486924053315,0.000283426344923403,18970
0.000283426344923403,0.000283426344923403,18971
0.000283426344923403,0.000283367004268885,18971
0.000283367004268885,0.000283367004268885,18972
0.000283367004268885,0.000283308996575157,18972
0.000283308996575157,0.000283308996575157,18973
0.000283308996575157,0.000283252081780708,18973
0.000283252081780708,0.000283252081780708,18974
0.000283252081780708,0.000283196398664165,18974
0.000283196398664165,0.000283196398664165,18975
0.000283196398664165,0.000283141972356681,18975
0.000283141972356681,0.000283141972356681,18976
0.000283141972356681,0.000283088769124617,18976
0.000283088769124617,0.000283088769124617,18977
0.000283088769124617,0.000283036422636648,18977
0.000283036422636648,0.000283036422636648,18978
0.000283036422636648,0.000282985137030029,18978
0.000282985137030029,0.000282985137030029,18979
0.000282985137030029,0.000282934863860979,18979
0.000282934863860979,0.000282934863860979,18980
0.000282934863860979,0.000282885486240455,18980
0.000282885486240455,0.000282885486240455,18981
0.000282885486240455,0.000282837155222108,18981
0.000282837155222108,0.000282837155222108,18982
0.000282837155222108,0.000282789715282317,18982
0.000282789715282317,0.000282789715282317,18983
0.000282789715282317,0.00028232642513366,18983
0.00028232642513366,0.00028232642513366,18984
0.00028232642513366,0.000282284272585209,18984
0.000282284272585209,0.000282284272585209,18985
0.000282284272585209,0.00028224396247142,18985
0.00028224396247142,0.00028224396247142,18986
0.00028224396247142,0.00028220486405743,18986
0.00028220486405743,0.00028220486405743,18987
0.00028220486405743,0.00028200223061009,18987
0.00028200223061009,0.00028200223061009,18988
0.00028200223061009,0.000281967241348755,18988
0.000281967241348755,0.000281967241348755,18989
0.000281967241348755,0.000281933276954655,18989
0.000281933276954655,0.000281933276954655,18990
0.000281933276954655,0.000281900129047881,18990
0.000281900129047881,0.000281900129047881,18991
0.000281900129047881,0.000281867706158276,18991
0.000281867706158276,0.000281867706158276,18992
0.000281867706158276,0.000281835993716396,18992
0.000281835993716396,0.000281835993716396,18993
0.000281835993716396,0.000281804757205728,18993
0.000281804757205728,0.000281804757205728,18994
0.000281775663558077,0.000281775663558077,18997
0.000281775663558077,0.000281156322043171,18997
0.000281156322043171,0.000281156322043171,18998
0.000281156322043171,0.000281111016383627,18998
0.000281111016383627,0.000281111016383627,18999
0.000281111016383627,0.000281067662265411,18999
0.000281067662265411,0.000281067662265411,19000
0.000281067662265411,0.000281025753492978,19000
0.000281025753492978,0.000281025753492978,19001
0.000281012495412903,0.000281012495412903,21970
0.000281012495412903,0.000280979270008675,21970
0.000280979270008675,0.000280979270008675,21971
0.000280979270008675,0.000280946617391669,21971
0.000280946617391669,0.000280946617391669,21972
0.000280946617391669,0.000280914668444338,21972
0.000280914668444338,0.000280914668444338,21973
0.000280883774339573,0.000280883774339573,22075
0.000280883774339573,0.000280849288996407,22075
0.000280849288996407,0.000280849288996407,22076
0.000280849288996407,0.000280348095234207,22076
0.000280348095234207,0.000280348095234207,22077
0.000280348095234207,0.000280300834193762,22077
0.000280300834193762,0.000280300834193762,22078
0.000280300834193762,0.000280256075527357,22078
0.000280256075527357,0.000280256075527357,22079
0.000280256075527357,0.00028021350195545,22079
0.00028021350195545,0.00028021350195545,22080
0.00028021350195545,0.000280172977409309,22080
0.000280172977409309,0.000280172977409309,22081
0.000280172977409309,0.000280134455007488,22081
0.000280134455007488,0.000280134455007488,22082
0.000280134455007488,0.000280097968871076,22082
0.000280097968871076,0.000280097968871076,22083
0.000280076624299096,0.000280076624299096,24331
0.000280076624299096,0.000280029323522708,24331
0.000280029323522708,0.000280029323522708,24332
0.000280029323522708,0.000279983817362249,24332
0.000279983817362249,0.000279983817362249,24333
0.000279983817362249,0.000279940120888833,24333
0.000279940120888833,0.000279940120888833,24334
0.000279940120888833,0.000279898045598128,24334
0.000279898045598128,0.000279898045598128,24335
0.000279898045598128,0.000279857536487452,24335
0.000279857536487452,0.000279857536487452,24336
0.000279857536487452,0.000279667752964407,24336
0.000279667752964407,0.000279667752964407,24337
0.000279667752964407,0.000279632676156142,24337
0.000279632676156142,0.000279632676156142,24338
0.000279632676156142,0.000279598946585304,24338
0.000279598946585304,0.000279598946585304,24339
0.000279590983179108,0.000279590983179108,24667
0.000279590983179108,0.000279546154011177,24667
0.000279546154011177,0.000279546154011177,24668
0.000279541517247176,0.000279541517247176,24676
0.000279541517247176,0.000279493159379294,24676
0.000279493159379294,0.000279493159379294,24677
0.000279493159379294,0.000278736657462523,24677
0.000278736657462523,0.000278736657462523,24678
0.000278736657462523,0.000278691595922926,24678
0.000278691595922926,0.000278691595922926,24679
0.000278691595922926,0.00027864894602028,24679
0.00027864894602028,0.00027864894602028,24680
0.00027864894602028,0.000278608618607295,24680
0.000278608618607295,0.000278608618607295,24681
0.000278608618607295,0.000278570380851616,24681
0.000278570380851616,0.000278570380851616,24682
0.000278149110046793,0.000278149110046793,24686
0.000278149110046793,0.000278120690818106,24686
0.000278120690818106,0.000278120690818106,24687
0.000278120690818106,0.000278094154706186,24687
0.000278094154706186,0.000278094154706186,24688
0.000278094154706186,0.000278069153995895,24688
0.000278069153995895,0.000278069153995895,24689
0.000278069153995895,0.000278045793066054,24689
0.000278045793066054,0.000278045793066054,24690
0.000278045793066054,0.000277896615499695,24690
0.000277896615499695,0.000277896615499695,24691
0.000277896615499695,0.000277875300516441,24691
0.000277875300516441,0.000277875300516441,24692
0.000277875300516441,0.00027785565083928,24692
0.00027785565083928,0.00027785565083928,24693
0.00027785565083928,0.000277837334850204,24693
0.000273363522403284,0.000277837334850204,24694
0.000273363522403284,0.000273346047688042,24694
0.00025973219655222,0.000273346047688042,24695
0.00025973219655222,0.000259715678971007,24695
0.000248501576244722,0.000259715678971007,24696
0.000248501576244722,0.000248485863965825,24696
0.000237700726790741,0.000248485863965825,24697
0.000237700726790741,0.000237685684145977,24697
0.000229310710694094,0.000237685684145977,24698
0.000229310710694094,0.000231654011723404,24698
0.000229305349040876,0.000229305349040876,29384
0.000229305349040876,0.00022927759912999,29384
0.00022927759912999,0.00022927759912999,29385
0.00022927759912999,0.000229250702741121,29385
0.000229250702741121,0.000229250702741121,29386
0.000229250702741121,0.000229224991159197,29386
0.000229224991159197,0.000229224991159197,29387
0.000229224991159197,0.000229200144230437,29387
0.000229200144230437,0.000229200144230437,29388
0.000229200144230437,0.000229176344167629,29388
0.000229176344167629,0.000229176344167629,29389
0.000229176344167629,0.000229152898525626,29389
0.000229152898525626,0.000229152898525626,29390
0.000229152898525626,0.000229130493383788,29390
0.000229130493383788,0.000229130493383788,29391
0.000229130493383788,0.000229108497919934,29391
0.000229108497919934,0.000229108497919934,29392
0.000229108497919934,0.000229087271249392,29392
0.000229087271249392,0.000229087271249392,29393
0.000229087271249392,0.000229066434726415,29393
0.000229066434726415,0.000229066434726415,29394
0.0002290590857039,0.0002290590857039,29732
0.0002290590857039,0.000229019410970239,29732
0.000229019410970239,0.000229019410970239,29733
0.000229019410970239,0.000228981293900473,29733
0.000228981293900473,0.000228981293900473,29734
0.000228981293900473,0.00022894439031122,29734
0.00022894439031122,0.00022894439031122,29735
0.00022894439031122,0.000228908916109948,29735
0.000228908916109948,0.000228908916109948,29736
0.000228908916109948,0.000228874792034095,29736
0.000228874792034095,0.000228874792034095,29737
0.000228874792034095,0.00022884208871486,29737
0.00022884208871486,0.00022884208871486,29738
0.00022884208871486,0.000228810783406608,29738
0.000228810783406608,0.000228810783406608,29739
0.000228810783406608,0.000228780458150667,29739
0.000228780458150667,0.000228780458150667,29740
0.000228780458150667,0.000228751171688701,29740
0.000228751171688701,0.000228751171688701,29741
0.000228751171688701,0.000228722717456798,29741
0.000228722717456798,0.000228722717456798,29742
0.000228722717456798,0.00022869511574714,29742
0.00022869511574714,0.00022869511574714,29743
0.00022869511574714,0.00022866811635608,29743
0.00022866811635608,0.00022866811635608,29744
0.000228648603944442,0.000228648603944442,29748
0.000228648603944442,0.00022860932586426,29748
0.00022860932586426,0.00022860932586426,29749
0.00022860932586426,0.000228571964548374,29749
0.000228571964548374,0.000228571964548374,29750
0.000228571964548374,0.000228536529906628,29750
0.000228536529906628,0.000228536529906628,29751
0.000228536529906628,0.000228502672803533,29751
0.000228502672803533,0.000228502672803533,29752
0.000228502672803533,0.000228470296452836,29752
0.000228470296452836,0.000228470296452836,29753
0.000228470296452836,0.000228439460473028,29753
0.000228439460473028,0.000228439460473028,29754
0.000228439460473028,0.000228410114885065,29754
0.000228410114885065,0.000228410114885065,29755
0.000223251407565575,0.000223237334482057,52333
0.00021555857559956,0.000223237334482057,52334
0.00021555857559956,0.000215544889390022,52334
0.000208556662278897,0.000215544889390022,52335
0.000208556662278897,0.000208543469292488,52335
0.000202743204317092,0.000208543469292488,52336
0.000202743204317092,0.000204286356473748,52336
0.000202725364662513,0.000202725364662513,118103
0.000202725364662513,0.000202697589225859,118103
0.000202697589225859,0.000202697589225859,118104
0.000202697589225859,0.00020267117890941,118104
0.00020267117890941,0.00020267117890941,118105
0.00020267117890941,0.000202645596271172,118105
0.000202645596271172,0.000202645596271172,118106
0.000202645596271172,0.0002026211184183,118106
0.0002026211184183,0.0002026211184183,118107
0.0002026211184183,0.000202597277021488,118107
0.000202597277021488,0.000202597277021488,118108
0.000202597277021488,0.000202574409876467,118108
0.000202574409876467,0.000202574409876467,118109
0.000202574409876467,0.000202552386739768,118109
0.000202552386739768,0.000202552386739768,118110
0.000202552386739768,0.000202530948599642,118110
0.000202530948599642,0.000202530948599642,118111
0.000202530948599642,0.000202510238368393,118111
0.000202510238368393,0.000202510238368393,118112
0.000202510238368393,0.000202490213835199,118112
0.000202490213835199,0.000202490213835199,118113
0.000202215685724376,0.000202215685724376,122908
