Inf,Inf,Inf
1.62314024555636,1.98619231039508,2
1.62314024555636,0.774219157239765,2
0.696176725090375,0.774219157239765,3
0.696176725090375,0.424532468412816,3
0.41672667356677,0.424532468412816,4
0.41672667356677,0.247487968436255,4
0.247487968436255,0.247487968436255,5
0.247487968436255,0.195887467843697,5
0.191343593295054,0.195887467843697,6
0.191343593295054,0.104767417947707,6
0.104767417947707,0.104767417947707,7
0.104767417947707,0.0961812143390324,7
0.0961812143390324,0.0961812143390324,8
0.0961812143390324,0.0961580299182394,8
0.0961580299182394,0.0961580299182394,9
0.0961580299182394,0.0961345218406704,9
0.0961345218406704,0.0961345218406704,10
0.0961345218406704,0.0961111126543055,10
0.0961111126543055,0.0961111126543055,11
0.0961111126543055,0.096087801916373,11
0.096087801916373,0.096087801916373,12
0.096087801916373,0.0960645891862797,12
0.0960645891862797,0.0960645891862797,13
0.0960645891862797,0.0960285834567306,13
0.0960285834567306,0.0960285834567306,14
0.0960285834567306,0.0960056165587488,14
0.0960056165587488,0.0960056165587488,15
0.0960056165587488,0.095959826354977,15
0.095959826354977,0.095959826354977,16
0.095959826354977,0.0959240395099451,16
0.0959240395099451,0.0959240395099451,17
0.0959240395099451,0.0958885974291592,17
0.0958885974291592,0.0958885974291592,18
0.0958885974291592,0.0958432982412063,18
0.0958432982412063,0.0958432982412063,19
0.0958432982412063,0.0958081955353192,19
0.0958081955353192,0.0958081955353192,20
0.0958081955353192,0.0957631862098006,20
0.0957631862098006,0.0957631862098006,21
0.0957631862098006,0.0957283974818491,21
0.0957283974818491,0.0957283974818491,22
0.0957283974818491,0.0956841932345622,22
0.0956841932345622,0.0956841932345622,23
0.0956841932345622,0.0956499904748932,23
0.0956499904748932,0.0956499904748932,24
0.0956499904748932,0.0956159663719125,24
0.0956159663719125,0.0956159663719125,25
0.0956159663719125,0.0955721308081126,25
0.0955721308081126,0.0955721308081126,26
0.0955721308081126,0.0955384128632889,26
0.0955384128632889,0.0955384128632889,27
0.0955384128632889,0.0954949219676379,27
0.0954949219676379,0.0954949219676379,28
0.0954949219676379,0.095461511349313,28
0.095461511349313,0.095461511349313,29
0.095461511349313,0.0954182726181355,29
0.0954182726181355,0.0954182726181355,30
0.0954182726181355,0.0953851856874127,30
0.0953851856874127,0.0953851856874127,31
0.0953851856874127,0.0953522426479131,31
0.0953522426479131,0.0953522426479131,32
0.0953522426479131,0.0953094873313436,32
0.0953094873313436,0.0953094873313436,33
0.0953094873313436,0.0952768544096423,33
0.0952768544096423,0.0952768544096423,34
0.0952768544096423,0.0952344557639803,34
0.0952344557639803,0.0952344557639803,35
0.0952344557639803,0.0952021448196404,35
0.0952021448196404,0.0952021448196404,36
0.0952021448196404,0.0951600400694327,36
0.0951600400694327,0.0951600400694327,37
0.0951600400694327,0.0951280480299555,37
0.0951280480299555,0.0951280480299555,38
0.0951280480299555,0.0950961947305821,38
0.0950961947305821,0.0950961947305821,39
0.0950961947305821,0.0950545471170582,39
0.0950545471170582,0.0950545471170582,40
0.0950545471170582,0.0950230305730115,40
0.0950230305730115,0.0950230305730115,41
0.0950230305730115,0.0949815884833582,41
0.0949815884833582,0.0949815884833582,42
0.0949815884833582,0.0949502200051723,42
0.0949502200051723,0.0949502200051723,43
0.0949502200051723,0.0949090865174834,43
0.0949090865174834,0.0949090865174834,44
0.0949090865174834,0.0948780279556053,44
0.0948780279556053,0.0948780279556053,45
0.0948780279556053,0.0948471037482404,45
0.0948471037482404,0.0948471037482404,46
0.0948471037482404,0.0948064601498264,46
0.0948064601498264,0.0948064601498264,47
0.0948064601498264,0.0947758149143643,47
0.0947758149143643,0.0947758149143643,48
0.0947758149143643,0.0947354856927896,48
0.0947354856927896,0.0947354856927896,49
0.0947354856927896,0.0947052761819041,49
0.0947052761819041,0.0947052761819041,50
0.0947052761819041,0.0946654038542666,50
0.0946654038542666,0.0946654038542666,51
0.0946654038542666,0.0946354001400765,51
0.0946354001400765,0.0946354001400765,52
0.0946354001400765,0.0946056326727912,52
0.0946056326727912,0.0946056326727912,53
0.0946056326727912,0.0945661997480221,53
0.0945661997480221,0.0945661997480221,54
0.0945661997480221,0.0945366401022121,54
0.0945366401022121,0.0945366401022121,55
0.0945366401022121,0.094497467038885,55
0.094497467038885,0.094497467038885,56
0.094497467038885,0.0944683237843403,56
0.0944683237843403,0.0944683237843403,57
0.0944683237843403,0.0944391806288498,57
0.0944391806288498,0.0944391806288498,58
0.0944391806288498,0.0944004344101977,58
0.0944004344101977,0.0944004344101977,59
0.0944004344101977,0.0943717047508317,59
0.0943717047508317,0.0943717047508317,60
0.0943717047508317,0.0943330873131832,60
0.0943330873131832,0.0943330873131832,61
0.0943330873131832,0.0943013553971553,61
0.0943013553971553,0.0943013553971553,62
0.0943013553971553,0.0942603006924279,62
0.0942603006924279,0.0942603006924279,63
0.0942603006924279,0.0942287413865072,63
0.0942287413865072,0.0942287413865072,64
0.0942287413865072,0.094197428258251,64
0.094197428258251,0.094197428258251,65
0.094197428258251,0.0941567462431468,65
0.0941567462431468,0.0941567462431468,66
0.0941567462431468,0.0941257337663535,66
0.0941257337663535,0.0941257337663535,67
0.0941257337663535,0.0940855110798965,67
0.0940855110798965,0.0940855110798965,68
0.0940855110798965,0.0940546895203809,68
0.0940546895203809,0.0940546895203809,69
0.0940546895203809,0.094014801828476,69
0.094014801828476,0.094014801828476,70
0.094014801828476,0.0939843219337886,70
0.0939843219337886,0.0939843219337886,71
0.0939843219337886,0.0939540572399419,71
0.0939540572399419,0.0939540572399419,72
0.0939540572399419,0.0939145836165139,72
0.0939145836165139,0.0939145836165139,73
0.0939145836165139,0.0938845226529081,73
0.0938845226529081,0.0938845226529081,74
0.0938845226529081,0.0938453137701122,74
0.0938453137701122,0.0938453137701122,75
0.0938453137701122,0.0938152591944047,75
0.0938152591944047,0.0938152591944047,76
0.0938152591944047,0.0937761083042324,76
0.0937761083042324,0.0937761083042324,77
0.0937761083042324,0.0937462717286829,77
0.0937462717286829,0.0937462717286829,78
0.0937462717286829,0.093716697212829,78
0.093716697212829,0.093716697212829,79
0.093716697212829,0.093677810537652,79
0.093677810537652,0.093677810537652,80
0.093677810537652,0.0936484982329664,80
0.0936484982329664,0.0936484982329664,81
0.0936484982329664,0.0936100271327612,81
0.0936100271327612,0.0936100271327612,82
0.0936100271327612,0.093579156549446,82
0.093579156549446,0.093579156549446,83
0.093579156549446,0.0935393214190234,83
0.0935393214190234,0.0935393214190234,84
0.0935393214190234,0.0935087533109283,84
0.0935087533109283,0.0935087533109283,85
0.0935087533109283,0.0934784259297993,85
0.0934784259297993,0.0934784259297993,86
0.0934784259297993,0.0934390690637311,86
0.0934390690637311,0.0934390690637311,87
0.0934390690637311,0.0934089042870319,87
0.0934089042870319,0.0934089042870319,88
0.0934089042870319,0.0933698533265777,88
0.0933698533265777,0.0933698533265777,89
0.0933698533265777,0.0933399976244206,89
0.0933399976244206,0.0933399976244206,90
0.0933399976244206,0.0933012633447437,90
0.0933012633447437,0.0933012633447437,91
0.0933012633447437,0.0932717270288385,91
0.0932717270288385,0.0932717270288385,92
0.0932717270288385,0.0932424001067479,92
0.0932424001067479,0.0932424001067479,93
0.0932424001067479,0.0932052289232564,93
0.0932052289232564,0.0932052289232564,94
0.0932052289232564,0.0931762117141123,94
0.0931762117141123,0.0931762117141123,95
0.0931762117141123,0.0931382171162973,95
0.0931382171162973,0.0931382171162973,96
0.0931382171162973,0.0931080004733658,96
0.0931080004733658,0.0931080004733658,97
0.0931080004733658,0.0930701715474165,97
0.0930701715474165,0.0930701715474165,98
0.0930701715474165,0.0930402289944881,98
0.0930402289944881,0.0930402289944881,99
0.0930402289944881,0.0930028014631917,99
0.0930028014631917,0.0930028014631917,100
0.0930028014631917,0.0929761335036881,100
0.0929761335036881,0.0929761335036881,101
0.0929761335036881,0.0929478528288477,101
0.0929478528288477,0.0929478528288477,102
0.0929478528288477,0.0929084130473565,102
0.0929084130473565,0.0929084130473565,103
0.0929084130473565,0.0928803433189318,103
0.0928803433189318,0.0928803433189318,104
0.0928803433189318,0.0928433952751021,104
0.0928433952751021,0.0928433952751021,105
0.0928433952751021,0.0928144177474198,105
0.0928144177474198,0.0928144177474198,106
0.0928144177474198,0.0927867489842145,106
0.0927867489842145,0.0927867489842145,107
0.0927867489842145,0.0927504767208207,107
0.0927504767208207,0.0927504767208207,108
0.0927504767208207,0.0927220685271751,108
0.0927220685271751,0.0927220685271751,109
0.0927220685271751,0.0926850208477153,109
0.0926850208477153,0.0926850208477153,110
0.0926850208477153,0.0926559764648751,110
0.0926559764648751,0.0926559764648751,111
0.0926559764648751,0.0926191849980254,111
0.0926191849980254,0.0926191849980254,112
0.0926191849980254,0.0925916556488064,112
0.0925916556488064,0.0925916556488064,113
0.0925916556488064,0.0925630055010004,113
0.0925630055010004,0.0925630055010004,114
0.0925630055010004,0.0925266701872896,114
0.0925266701872896,0.0925266701872896,115
0.0925266701872896,0.0924983135334081,115
0.0924983135334081,0.0924983135334081,116
0.0924983135334081,0.0924621965132717,116
0.0924621965132717,0.0924621965132717,117
0.0924621965132717,0.0924350295744009,117
0.0924350295744009,0.0924350295744009,118
0.0924350295744009,0.0923971618042896,118
0.0923971618042896,0.0923971618042896,119
0.0923971618042896,0.0923703991697919,119
0.0923703991697919,0.0923703991697919,120
0.0923703991697919,0.0923436231943613,120
0.0923436231943613,0.0923436231943613,121
0.0923436231943613,0.0923061385792307,121
0.0923061385792307,0.0923061385792307,122
0.0923061385792307,0.0922796053237069,122
0.0922796053237069,0.0922796053237069,123
0.0922796053237069,0.0922444114919054,123
0.0922444114919054,0.0922444114919054,124
0.0922444114919054,0.0922171652470149,124
0.0922171652470149,0.0922171652470149,125
0.0922171652470149,0.0921900458449029,125
0.0921900458449029,0.0921900458449029,126
0.0921900458449029,0.0921543404527139,126
0.0921543404527139,0.0921543404527139,127
0.0921543404527139,0.0921265865672651,127
0.0921265865672651,0.0921265865672651,128
0.0921265865672651,0.0920910105086301,128
0.0920910105086301,0.0920910105086301,129
0.0920910105086301,0.0920635053449653,129
0.0920635053449653,0.0920635053449653,130
0.0920635053449653,0.0920283195700011,130
0.0920283195700011,0.0920283195700011,131
0.0920283195700011,0.0920038761375453,131
0.0920038761375453,0.0920038761375453,132
0.0920038761375453,0.0919777508145989,132
0.0919777508145989,0.0919777508145989,133
0.0919777508145989,0.0919408783910157,133
0.0919408783910157,0.0919408783910157,134
0.0919408783910157,0.091914893224706,134
0.091914893224706,0.091914893224706,135
0.091914893224706,0.0918804039964383,135
0.0918804039964383,0.0918804039964383,136
0.0918804039964383,0.0918565360881447,136
0.0918565360881447,0.0918565360881447,137
0.0918565360881447,0.0918309548996988,137
0.0918309548996988,0.0918309548996988,138
0.0918309548996988,0.0917946562235034,138
0.0917946562235034,0.0917946562235034,139
0.0917946562235034,0.091769229843104,139
0.091769229843104,0.091769229843104,140
0.091769229843104,0.0917357028135589,140
0.0917357028135589,0.0917357028135589,141
0.0917357028135589,0.0917095543926758,141
0.0917095543926758,0.0917095543926758,142
0.0917095543926758,0.0916761683163387,142
0.0916761683163387,0.0916761683163387,143
0.0916761683163387,0.0916513673540998,143
0.0916513673540998,0.0916513673540998,144
0.0916513673540998,0.0916255810051829,144
0.0916255810051829,0.0916255810051829,145
0.0916255810051829,0.0915928946686528,145
0.0915928946686528,0.0915928946686528,146
0.0915928946686528,0.0915673402254531,146
0.0915673402254531,0.0915673402254531,147
0.0915673402254531,0.0915351709642052,147
0.0915351709642052,0.0915351709642052,148
0.0915351709642052,0.091510883414131,148
0.091510883414131,0.091510883414131,149
0.091510883414131,0.0914759207323016,149
0.0914759207323016,0.0914759207323016,150
0.0914759207323016,0.0914518619191568,150
0.0914518619191568,0.0914518619191568,151
0.0914518619191568,0.0914279717441076,151
0.0914279717441076,0.0914279717441076,152
0.0914279717441076,0.0913933479359447,152
0.0913933479359447,0.0913933479359447,153
0.0913933479359447,0.0913695821678141,153
0.0913695821678141,0.0913695821678141,154
0.0913695821678141,0.0913386717931506,154
0.0913386717931506,0.0913386717931506,155
0.0913386717931506,0.0913140716739581,155
0.0913140716739581,0.0913140716739581,156
0.0913140716739581,0.0912906618617303,156
0.0912906618617303,0.0912906618617303,157
0.0912906618617303,0.0912602780695875,157
0.0912602780695875,0.0912602780695875,158
0.0912602780695875,0.0912360114116271,158
0.0912360114116271,0.0912360114116271,159
0.0912360114116271,0.0912058435304057,159
0.0912058435304057,0.0912058435304057,160
0.0912058435304057,0.0911818390660785,160
0.0911818390660785,0.0911818390660785,161
0.0911818390660785,0.0911521564821492,161
0.0911521564821492,0.0911521564821492,162
0.0911521564821492,0.0911294078370309,162
0.0911294078370309,0.0911294078370309,163
0.0911294078370309,0.091105680528491,163
0.091105680528491,0.091105680528491,164
0.091105680528491,0.0910762725240288,164
0.0910762725240288,0.0910762725240288,165
0.0910762725240288,0.0910527238892035,165
0.0910527238892035,0.0910527238892035,166
0.0910527238892035,0.0910238000851725,166
0.0910238000851725,0.0910238000851725,167
0.0910238000851725,0.0910015307713934,167
0.0910015307713934,0.0910015307713934,168
0.0910015307713934,0.0909694100592313,168
0.0909694100592313,0.0909694100592313,169
0.0909694100592313,0.0909474479398227,169
0.0909474479398227,0.0909474479398227,170
0.0909474479398227,0.0909254990841609,170
0.0909254990841609,0.0909254990841609,171
0.0909254990841609,0.0908938940460514,171
0.0908938940460514,0.0908938940460514,172
0.0908938940460514,0.090872149184585,172
0.090872149184585,0.090872149184585,173
0.090872149184585,0.0908444331391379,173
0.0908444331391379,0.0908444331391379,174
0.0908444331391379,0.0908228891926563,174
0.0908228891926563,0.0908228891926563,175
0.0908228891926563,0.0907918579685718,175
0.0907918579685718,0.0907918579685718,176
0.0907918579685718,0.0907705359478512,176
0.0907705359478512,0.0907705359478512,177
0.0907705359478512,0.0907493979660463,177
0.0907493979660463,0.0907493979660463,178
0.0907493979660463,0.0907189063165953,178
0.0907189063165953,0.0907189063165953,179
0.0907189063165953,0.0906767577412976,179
0.0906767577412976,0.0906767577412976,180
0.0906767577412976,0.0906503290513062,180
0.0906503290513062,0.0906503290513062,181
0.0906503290513062,0.0906284599409103,181
0.0906284599409103,0.0906284599409103,182
0.0906284599409103,0.0906022974707848,182
0.0906022974707848,0.0906022974707848,183
0.0906022974707848,0.0905803242805432,183
0.0905803242805432,0.0905803242805432,184
0.0905803242805432,0.090553854666705,184
0.090553854666705,0.090553854666705,185
0.090553854666705,0.0905310753504254,185
0.0905310753504254,0.0905310753504254,186
0.0905310753504254,0.0905049571056115,186
0.0905049571056115,0.0905049571056115,187
0.0905049571056115,0.0904834922373061,187
0.0904834922373061,0.0904834922373061,188
0.0904834922373061,0.0904525365408436,188
0.0904525365408436,0.0904525365408436,189
0.0904525365408436,0.0904112965672353,189
0.0904112965672353,0.0904112965672353,190
0.0904112965672353,0.0903842574740003,190
0.0903842574740003,0.0903842574740003,191
0.0903842574740003,0.0903631755590119,191
0.0903631755590119,0.0903631755590119,192
0.0903631755590119,0.0903364814104295,192
0.0903364814104295,0.0903364814104295,193
0.0903364814104295,0.090294613360697,193
0.090294613360697,0.090294613360697,194
0.090294613360697,0.0902682085038856,194
0.0902682085038856,0.0902682085038856,195
0.0902682085038856,0.0902278986778151,195
0.0902278986778151,0.0902278986778151,196
0.0902278986778151,0.0902040993630649,196
0.0902040993630649,0.0902040993630649,197
0.0902040993630649,0.0901783171700746,197
0.0901783171700746,0.0901783171700746,198
0.0901783171700746,0.0901370976419327,198
0.0901370976419327,0.0901370976419327,199
0.0901370976419327,0.0901115803304759,199
0.0901115803304759,0.0901115803304759,200
0.0901115803304759,0.0900708010337136,200
0.0900708010337136,0.0900708010337136,201
0.0900708010337136,0.0900496459887196,201
0.0900496459887196,0.0900496459887196,202
0.0900496459887196,0.0900265288387501,202
0.0900265288387501,0.0900265288387501,203
0.0900265288387501,0.0899849450244618,203
0.0899849450244618,0.0899849450244618,204
0.0899849450244618,0.0899489373390917,204
0.0899489373390917,0.0899489373390917,205
0.0899489373390917,0.0899099785073365,205
0.0899099785073365,0.0899099785073365,206
0.0899099785073365,0.0898825402884719,206
0.0898825402884719,0.0898825402884719,207
0.0898825402884719,0.0898595633097883,207
0.0898595633097883,0.0898595633097883,208
0.0898595633097883,0.0898215135971181,208
0.0898215135971181,0.0898215135971181,209
0.0898215135971181,0.0794517937030866,209
0.0794517937030866,0.0794517937030866,210
0.0794517937030866,0.0794329878937617,210
0.0794329878937617,0.0794329878937617,211
0.0794329878937617,0.0793999584181378,211
0.0793999584181378,0.0793999584181378,212
0.0793999584181378,0.0793768610636591,212
0.0793768610636591,0.0793768610636591,213
0.0793768610636591,0.0793461074351797,213
0.0793461074351797,0.0793461074351797,214
0.0793461074351797,0.0793157363904368,214
0.0793157363904368,0.0793157363904368,215
0.0793157363904368,0.0792857441351692,215
0.0792857441351692,0.0792857441351692,216
0.0792857441351692,0.0792563356247978,216
0.0792563356247978,0.0792563356247978,217
0.0792563356247978,0.0792275112169814,217
0.0792275112169814,0.0792275112169814,218
0.0792275112169814,0.0791992590643609,218
0.0791992590643609,0.0791992590643609,219
0.0791992590643609,0.0791715675691607,219
0.0791715675691607,0.0791715675691607,220
0.0791715675691607,0.0791463956116926,220
0.0791463956116926,0.0791463956116926,221
0.0791463956116926,0.0791202793641145,221
0.0791202793641145,0.0791202793641145,222
0.0791202793641145,0.0790965249790488,222
0.0790965249790488,0.0790965249790488,223
0.0790965249790488,0.0790701569850505,223
0.0790701569850505,0.0790701569850505,224
0.0790701569850505,0.0790474726947429,224
0.0790474726947429,0.0790474726947429,225
0.0790474726947429,0.0790231329551488,225
0.0790231329551488,0.0790231329551488,226
0.0790231329551488,0.0790004768599138,226
0.0790004768599138,0.0790004768599138,227
0.0790004768599138,0.0789766319574865,227
0.0789766319574865,0.0789766319574865,228
0.0789766319574865,0.0789554922997491,228
0.0789554922997491,0.0789554922997491,229
0.0789554922997491,0.0789323884372265,229
0.0789323884372265,0.0789323884372265,230
0.0789323884372265,0.0789117281143165,230
0.0789117281143165,0.0789117281143165,231
0.0789117281143165,0.0788925154412809,231
0.0788925154412809,0.0788925154412809,232
0.0788925154412809,0.0788714670826514,232
0.0788714670826514,0.0788714670826514,233
0.0788714670826514,0.0788528451384173,233
0.0788528451384173,0.0788528451384173,234
0.0788528451384173,0.0788309111750826,234
0.0788309111750826,0.0788309111750826,235
0.0788309111750826,0.0787946765190165,235
0.0787946765190165,0.0787946765190165,236
0.0787946765190165,0.0787744850638962,236
0.0787744850638962,0.0787744850638962,237
0.0787744850638962,0.078753645542498,237
0.078753645542498,0.078753645542498,238
0.078753645542498,0.0787181732891961,238
0.0787181732891961,0.0787181732891961,239
0.0787181732891961,0.0786980346828389,239
0.0786980346828389,0.0786980346828389,240
0.0786980346828389,0.0786634157787165,240
0.0786634157787165,0.0786634157787165,241
0.0786634157787165,0.0786270871020919,241
0.0786270871020919,0.0786270871020919,242
0.0786270871020919,0.078592828819193,242
0.078592828819193,0.078592828819193,243
0.078592828819193,0.0785579675068662,243
0.0785579675068662,0.0785579675068662,244
0.0785579675068662,0.078522493629257,244
0.078522493629257,0.078522493629257,245
0.078522493629257,0.0785026689361124,245
0.0785026689361124,0.0785026689361124,246
0.0785026689361124,0.0784842925491941,246
0.0784842925491941,0.0784842925491941,247
0.0784842925491941,0.0784622829010408,247
0.0784622829010408,0.0784622829010408,248
0.0784622829010408,0.07844049750483,248
0.07844049750483,0.07844049750483,249
0.07844049750483,0.0784063744782362,249
0.0784063744782362,0.0784063744782362,250
0.0784063744782362,0.0783829482177013,250
0.0783829482177013,0.0783829482177013,251
0.0783829482177013,0.0783635089302035,251
0.0783635089302035,0.0783635089302035,252
0.0783635089302035,0.0783423885453634,252
0.0783423885453634,0.0783423885453634,253
0.0783423885453634,0.0783237794035713,253
0.0783237794035713,0.0783237794035713,254
0.0783237794035713,0.0783012052104027,254
0.0783012052104027,0.0783012052104027,255
0.0783012052104027,0.0782707929528047,255
0.0782707929528047,0.0782707929528047,256
0.0782707929528047,0.0782509565194352,256
0.0782509565194352,0.0782509565194352,257
0.0782509565194352,0.0782308778832989,257
0.0782308778832989,0.0782308778832989,258
0.0782308778832989,0.0782113849750562,258
0.0782113849750562,0.0782113849750562,259
0.0782113849750562,0.0781837279323271,259
0.0781837279323271,0.0781837279323271,260
0.0781837279323271,0.078162302069592,260
0.078162302069592,0.078162302069592,261
0.078162302069592,0.0781271965107845,261
0.0781271965107845,0.0781271965107845,262
0.0781271965107845,0.0781084750315478,262
0.0781084750315478,0.0781084750315478,263
0.0781084750315478,0.0780901773557108,263
0.0780901773557108,0.0780901773557108,264
0.0780901773557108,0.0780553117853472,264
0.0780553117853472,0.0780553117853472,265
0.0780553117853472,0.0780206517924897,265
0.0780206517924897,0.0780206517924897,266
0.0780206517924897,0.0779898019589477,266
0.0779898019589477,0.0779898019589477,267
0.0779898019589477,0.0779619398134981,267
0.0779619398134981,0.0779619398134981,268
0.0779619398134981,0.0779313202347453,268
0.0779313202347453,0.0779313202347453,269
0.0779313202347453,0.0778968186007589,269
0.0778968186007589,0.0778968186007589,270
0.0778968186007589,0.0778718325352097,270
0.0778718325352097,0.0778718325352097,271
0.0778718325352097,0.0778405211565915,271
0.0778405211565915,0.0778405211565915,272
0.0778405211565915,0.0778200355879452,272
0.0778200355879452,0.0778200355879452,273
0.0778200355879452,0.0777894560550795,273
0.0777894560550795,0.0777894560550795,274
0.0777894560550795,0.0777553944437839,274
0.0777553944437839,0.0777553944437839,275
0.0777553944437839,0.0777256690969195,275
0.0777256690969195,0.0777256690969195,276
0.0777256690969195,0.0776958772742215,276
0.0776958772742215,0.0776958772742215,277
0.0776958772742215,0.0776681721888687,277
0.0776681721888687,0.0776681721888687,278
0.0776681721888687,0.0776404928728557,278
0.0776404928728557,0.0776404928728557,279
0.0776404928728557,0.0776129699595791,279
0.0776129699595791,0.0776129699595791,280
0.0776129699595791,0.0775860339928015,280
0.0775860339928015,0.0775860339928015,281
0.0775860339928015,0.0775584736853488,281
0.0775584736853488,0.0775584736853488,282
0.0775584736853488,0.0775314644428391,282
0.0775314644428391,0.0775314644428391,283
0.0775314644428391,0.0775032156919865,283
0.0775032156919865,0.0775032156919865,284
0.0775032156919865,0.0774763947767534,284
0.0774763947767534,0.0774763947767534,285
0.0774763947767534,0.077449614035802,285
0.077449614035802,0.077449614035802,286
0.077449614035802,0.07742168994767,286
0.07742168994767,0.07742168994767,287
0.07742168994767,0.0773940613569867,287
0.0773940613569867,0.0773940613569867,288
0.0773940613569867,0.0773660803885348,288
0.0773660803885348,0.0773660803885348,289
0.0773660803885348,0.0773409916608033,289
0.0773409916608033,0.0773409916608033,290
0.0773409916608033,0.077314676743482,290
0.077314676743482,0.077314676743482,291
0.077314676743482,0.0772889731726425,291
0.0772889731726425,0.0772889731726425,292
0.0772889731726425,0.0772632642633954,292
0.0772632642633954,0.0772632642633954,293
0.0772632642633954,0.0772385965853752,293
0.0772385965853752,0.0772385965853752,294
0.0772385965853752,0.0772129261709172,294
0.0772129261709172,0.0772129261709172,295
0.0772129261709172,0.0771887902979054,295
0.0771887902979054,0.0771887902979054,296
0.0771887902979054,0.0771643356600089,296
0.0771643356600089,0.0771643356600089,297
0.0771643356600089,0.077139343445585,297
0.077139343445585,0.077139343445585,298
0.077139343445585,0.0771106041300819,298
0.0771106041300819,0.0771106041300819,299
0.0771106041300819,0.0770868574364449,299
0.0770868574364449,0.0770868574364449,300
0.0770868574364449,0.0770600383210724,300
0.0770600383210724,0.0770600383210724,301
0.0770600383210724,0.0770354570236345,301
0.0770354570236345,0.0770354570236345,302
0.0770354570236345,0.0770068188440764,302
0.0770068188440764,0.0770068188440764,303
0.0770068188440764,0.0769880930737072,303
0.0769880930737072,0.0769880930737072,304
0.0769880930737072,0.0769591268575395,304
0.0769591268575395,0.0769591268575395,305
0.0769591268575395,0.0769363906436986,305
0.0769363906436986,0.0769363906436986,306
0.0769363906436986,0.0769098286400827,306
0.0769098286400827,0.0769098286400827,307
0.0769098286400827,0.0768897603378344,307
0.0768897603378344,0.0768897603378344,308
0.0768897603378344,0.0768647688016458,308
0.0768647688016458,0.0768647688016458,309
0.0768647688016458,0.0768393745619848,309
0.0768393745619848,0.0768393745619848,310
0.0768393745619848,0.0768169490452784,310
0.0768169490452784,0.0768169490452784,311
0.0768169490452784,0.0767964314625838,311
0.0767964314625838,0.0767964314625838,312
0.0767964314625838,0.0767705522777404,312
0.0767705522777404,0.0767705522777404,313
0.0767705522777404,0.0767498959786037,313
0.0767498959786037,0.0767498959786037,314
0.0767498959786037,0.0767222469001714,314
0.0767222469001714,0.0767222469001714,315
0.0767222469001714,0.0767009065691513,315
0.0767009065691513,0.0767009065691513,316
0.0767009065691513,0.0766730646634886,316
0.0766730646634886,0.0766730646634886,317
0.0766730646634886,0.0766517385580937,317
0.0766517385580937,0.0766517385580937,318
0.0766517385580937,0.0766334797838041,318
0.0766334797838041,0.0766334797838041,319
0.0766334797838041,0.0766087678142808,319
0.0766087678142808,0.0766087678142808,320
0.0766087678142808,0.0765804774497508,320
0.0765804774497508,0.0765804774497508,321
0.0765804774497508,0.0765592400815327,321
0.0765592400815327,0.0765592400815327,322
0.0765592400815327,0.0765416289469899,322
0.0765416289469899,0.0765416289469899,323
0.0765416289469899,0.0765208959263296,323
0.0765208959263296,0.0765208959263296,324
0.0765208959263296,0.0764871722170515,324
0.0764871722170515,0.0764871722170515,325
0.0764871722170515,0.0764571553514078,325
0.0764571553514078,0.0764571553514078,326
0.0764571553514078,0.076437814783129,326
0.076437814783129,0.076437814783129,327
0.076437814783129,0.0764190622199944,327
0.0764190622199944,0.0764190622199944,328
0.0764190622199944,0.0764005087579833,328
0.0764005087579833,0.0764005087579833,329
0.0764005087579833,0.0763662444853994,329
0.0763662444853994,0.0763662444853994,330
0.0763662444853994,0.0763351765112109,330
0.0763351765112109,0.0763351765112109,331
0.0763351765112109,0.0763005575871529,331
0.0763005575871529,0.0763005575871529,332
0.0763005575871529,0.0762803869169056,332
0.0762803869169056,0.0762803869169056,333
0.0762803869169056,0.0762552036915539,333
0.0762552036915539,0.0762552036915539,334
0.0762552036915539,0.0762209442252807,334
0.0762209442252807,0.0762209442252807,335
0.0762209442252807,0.0761908608565898,335
0.0761908608565898,0.0761908608565898,336
0.0761908608565898,0.0761735406069328,336
0.0761735406069328,0.0761735406069328,337
0.0761735406069328,0.0761539435191314,337
0.0761539435191314,0.0761539435191314,338
0.0761539435191314,0.0761251661427639,338
0.0761251661427639,0.0761251661427639,339
0.0761251661427639,0.0760926088542059,339
0.0760926088542059,0.0760926088542059,340
0.0760926088542059,0.0760619532282799,340
0.0760619532282799,0.0760619532282799,341
0.0760619532282799,0.0760301330712522,341
0.0760301330712522,0.0760301330712522,342
0.0760301330712522,0.0760084679760692,342
0.0760084679760692,0.0760084679760692,343
0.0760084679760692,0.075983133908179,343
0.075983133908179,0.075983133908179,344
0.075983133908179,0.0759503633678084,344
0.0759503633678084,0.0759503633678084,345
0.0759503633678084,0.0759222913739381,345
0.0759222913739381,0.0759222913739381,346
0.0759222913739381,0.0758903587995091,346
0.0758903587995091,0.0758903587995091,347
0.0758903587995091,0.0758708760608821,347
0.0758708760608821,0.0758708760608821,348
0.0758708760608821,0.0758395417488895,348
0.0758395417488895,0.0758395417488895,349
0.0758395417488895,0.0758164966063352,349
0.0758164966063352,0.0758164966063352,350
0.0758164966063352,0.0757958255287746,350
0.0757958255287746,0.0757958255287746,351
0.0757958255287746,0.075771445420587,351
0.075771445420587,0.075771445420587,352
0.075771445420587,0.075739144377915,352
0.075739144377915,0.075739144377915,353
0.075739144377915,0.0757108612545095,353
0.0757108612545095,0.0757108612545095,354
0.0757108612545095,0.0756808129884305,354
0.0756808129884305,0.0756808129884305,355
0.0756808129884305,0.0756604752595435,355
0.0756604752595435,0.0756604752595435,356
0.0756604752595435,0.0756307564176058,356
0.0756307564176058,0.0756307564176058,357
0.0756307564176058,0.0756087794431996,357
0.0756087794431996,0.0756087794431996,358
0.0756087794431996,0.0755790782441211,358
0.0755790782441211,0.0755790782441211,359
0.0755790782441211,0.0755594980044352,359
0.0755594980044352,0.0755594980044352,360
0.0755594980044352,0.075536474254343,360
0.075536474254343,0.075536474254343,361
0.075536474254343,0.075506822565222,361
0.075506822565222,0.075506822565222,362
0.075506822565222,0.0754805085666051,362
0.0754805085666051,0.0754805085666051,363
0.0754805085666051,0.0754517749541361,363
0.0754517749541361,0.0754517749541361,364
0.0754517749541361,0.0754324838204484,364
0.0754324838204484,0.0754324838204484,365
0.0754324838204484,0.0754030637908543,365
0.0754030637908543,0.0754030637908543,366
0.0754030637908543,0.0753818542572105,366
0.0753818542572105,0.0753818542572105,367
0.0753818542572105,0.0753522306040364,367
0.0753522306040364,0.0753522306040364,368
0.0753522306040364,0.0753344434836179,368
0.0753344434836179,0.0753344434836179,369
0.0753344434836179,0.0753034565047732,369
0.0753034565047732,0.0753034565047732,370
0.0753034565047732,0.0752847410114618,370
0.0752847410114618,0.0752847410114618,371
0.0752847410114618,0.075263387330158,371
0.075263387330158,0.075263387330158,372
0.075263387330158,0.075235221146169,372
0.075235221146169,0.075235221146169,373
0.075235221146169,0.0752162462033766,373
0.0752162462033766,0.0752162462033766,374
0.0752162462033766,0.0751887107746827,374
0.0751887107746827,0.0751887107746827,375
0.0751887107746827,0.0751677365957869,375
0.0751677365957869,0.0751677365957869,376
0.0751677365957869,0.0751362985781469,376
0.0751362985781469,0.0751362985781469,377
0.0751362985781469,0.0751167948927127,377
0.0751167948927127,0.0751167948927127,378
0.0751167948927127,0.0750990850520566,378
0.0750990850520566,0.0750990850520566,379
0.0750990850520566,0.0750780737571865,379
0.0750780737571865,0.0750780737571865,380
0.0750780737571865,0.0750500539817667,380
0.0750500539817667,0.0750500539817667,381
0.0750500539817667,0.0750263895549232,381
0.0750263895549232,0.0750263895549232,382
0.0750263895549232,0.0749993811590031,382
0.0749993811590031,0.0749993811590031,383
0.0749993811590031,0.0749802020719264,383
0.0749802020719264,0.0749802020719264,384
0.0749802020719264,0.0749533095010278,384
0.0749533095010278,0.0749533095010278,385
0.0749533095010278,0.0749338853376541,385
0.0749338853376541,0.0749338853376541,386
0.0749338853376541,0.0749037457635903,386
0.0749037457635903,0.0749037457635903,387
0.0749037457635903,0.0748868512681453,387
0.0748868512681453,0.0748868512681453,388
0.0748868512681453,0.0748696205744967,388
0.0748696205744967,0.0748696205744967,389
0.0748696205744967,0.0748513324881746,389
0.0748513324881746,0.0748513324881746,390
0.0748513324881746,0.0748213366999428,390
0.0748213366999428,0.0748213366999428,391
0.0748213366999428,0.0748027227972059,391
0.0748027227972059,0.0748027227972059,392
0.0748027227972059,0.0747751498020393,392
0.0747751498020393,0.0747751498020393,393
0.0747751498020393,0.0747543124404081,393
0.0747543124404081,0.0747543124404081,394
0.0747543124404081,0.0747368005533046,394
0.0747368005533046,0.0747368005533046,395
0.0747368005533046,0.0747145363149038,395
0.0747145363149038,0.0747145363149038,396
0.0747145363149038,0.0746859049868181,396
0.0746859049868181,0.0746859049868181,397
0.0746859049868181,0.0746656914575325,397
0.0746656914575325,0.0746656914575325,398
0.0746656914575325,0.0746370335424206,398
0.0746370335424206,0.0746370335424206,399
0.0746370335424206,0.0746032770319784,399
0.0746032770319784,0.0746032770319784,400
0.0746032770319784,0.0745732230023666,400
0.0745732230023666,0.0745732230023666,401
0.0745732230023666,0.0745444746044427,401
0.0745444746044427,0.0745444746044427,402
0.0745444746044427,0.0745196419702962,402
0.0745196419702962,0.0745196419702962,403
0.0745196419702962,0.0744934516275148,403
0.0744934516275148,0.0744934516275148,404
0.0744934516275148,0.074463778373042,404
0.074463778373042,0.074463778373042,405
0.074463778373042,0.0744367447072256,405
0.0744367447072256,0.0744367447072256,406
0.0744367447072256,0.0744072669224578,406
0.0744072669224578,0.0744072669224578,407
0.0744072669224578,0.0743894954862727,407
0.0743894954862727,0.0743894954862727,408
0.0743894954862727,0.0743624192987577,408
0.0743624192987577,0.0743624192987577,409
0.0743624192987577,0.0743347607946586,409
0.0743347607946586,0.0743347607946586,410
0.0743347607946586,0.0743099534391183,410
0.0743099534391183,0.0743099534391183,411
0.0743099534391183,0.074278888844741,411
0.074278888844741,0.074278888844741,412
0.074278888844741,0.074261716519251,412
0.074261716519251,0.074261716519251,413
0.074261716519251,0.0742413143410768,413
0.0742413143410768,0.0742413143410768,414
0.0742413143410768,0.0742098122274236,414
0.0742098122274236,0.0742098122274236,415
0.0742098122274236,0.0741870945736187,415
0.0741870945736187,0.0741870945736187,416
0.0741870945736187,0.0741605937105384,416
0.0741605937105384,0.0741605937105384,417
0.0741605937105384,0.0741427966272162,417
0.0741427966272162,0.0741427966272162,418
0.0741427966272162,0.0741208228047192,418
0.0741208228047192,0.0741208228047192,419
0.0741208228047192,0.0740957928289629,419
0.0740957928289629,0.0740957928289629,420
0.0740957928289629,0.0740719608814703,420
0.0740719608814703,0.0740719608814703,421
0.0740719608814703,0.0740531787558795,421
0.0740531787558795,0.0740531787558795,422
0.0740531787558795,0.0740210369468699,422
0.0740210369468699,0.0740210369468699,423
0.0740210369468699,0.0740015939416451,423
0.0740015939416451,0.0740015939416451,424
0.0740015939416451,0.0739852878038525,424
0.0739852878038525,0.0739852878038525,425
0.0739852878038525,0.0739532581778201,425
0.0739532581778201,0.0739532581778201,426
0.0739532581778201,0.0739350483459229,426
0.0739350483459229,0.0739350483459229,427
0.0739350483459229,0.073912997044545,427
0.073912997044545,0.073912997044545,428
0.073912997044545,0.0738838360371121,428
0.0738838360371121,0.0738838360371121,429
0.0738838360371121,0.0738639086179973,429
0.0738639086179973,0.0738639086179973,430
0.0738639086179973,0.0738371715312671,430
0.0738371715312671,0.0738371715312671,431
0.0738371715312671,0.0738127759818479,431
0.0738127759818479,0.0738127759818479,432
0.0738127759818479,0.0737914143833515,432
0.0737914143833515,0.0737914143833515,433
0.0737914143833515,0.0737688662098902,433
0.0737688662098902,0.0737688662098902,434
0.0737688662098902,0.0737485984312053,434
0.0737485984312053,0.0737485984312053,435
0.0737485984312053,0.0737208459436279,435
0.0737208459436279,0.0737208459436279,436
0.0737208459436279,0.0736882754691844,436
0.0736882754691844,0.0736882754691844,437
0.0736882754691844,0.0736648128190342,437
0.0736648128190342,0.0736648128190342,438
0.0736648128190342,0.0736480429944647,438
0.0736480429944647,0.0736480429944647,439
0.0736480429944647,0.0736271786214004,439
0.0736271786214004,0.0736271786214004,440
0.0736271786214004,0.0736047178929915,440
0.0736047178929915,0.0736047178929915,441
0.0736047178929915,0.0735724283203471,441
0.0735724283203471,0.0735724283203471,442
0.0735724283203471,0.0735494422189349,442
0.0735494422189349,0.0735494422189349,443
0.0735494422189349,0.0735273536291746,443
0.0735273536291746,0.0735273536291746,444
0.0735273536291746,0.0735026618723116,444
0.0735026618723116,0.0735026618723116,445
0.0735026618723116,0.0734833768591214,445
0.0734833768591214,0.0734833768591214,446
0.0734833768591214,0.0734580681813938,446
0.0734580681813938,0.0734580681813938,447
0.0734580681813938,0.0734370350158635,447
0.0734370350158635,0.0734370350158635,448
0.0734370350158635,0.0734188689257012,448
0.0734188689257012,0.0734188689257012,449
0.0734188689257012,0.073395690172159,449
0.073395690172159,0.073395690172159,450
0.073395690172159,0.0733757689396374,450
0.0733757689396374,0.0733757689396374,451
0.0733757689396374,0.0733509776033829,451
0.0733509776033829,0.0733509776033829,452
0.0733509776033829,0.0733295992903192,452
0.0733295992903192,0.0733295992903192,453
0.0733295992903192,0.0733126064305682,453
0.0733126064305682,0.0733126064305682,454
0.0733126064305682,0.0732902025427787,454
0.0732902025427787,0.0732902025427787,455
0.0732902025427787,0.0732674229165719,455
0.0732674229165719,0.0732674229165719,456
0.0732674229165719,0.0732455555063114,456
0.0732455555063114,0.0732455555063114,457
0.0732455555063114,0.0732255432316114,457
0.0732255432316114,0.0732255432316114,458
0.0732255432316114,0.0731994605198071,458
0.0731994605198071,0.0731994605198071,459
0.0731994605198071,0.0731799219724328,459
0.0731799219724328,0.0731799219724328,460
0.0731799219724328,0.0731517171723632,460
0.0731517171723632,0.0731517171723632,461
0.0731517171723632,0.0731241233222329,461
0.0731241233222329,0.0731241233222329,462
0.0731241233222329,0.0731064308991363,462
0.0731064308991363,0.0731064308991363,463
0.0731064308991363,0.0730800593950308,463
0.0730800593950308,0.0730800593950308,464
0.0730800593950308,0.0730497361887131,464
0.0730497361887131,0.0730497361887131,465
0.0730497361887131,0.0730329246607536,465
0.0730329246607536,0.0730329246607536,466
0.0730329246607536,0.073007931053891,466
0.073007931053891,0.073007931053891,467
0.073007931053891,0.0729893616365353,467
0.0729893616365353,0.0729893616365353,468
0.0729893616365353,0.0729674700575606,468
0.0729674700575606,0.0729674700575606,469
0.0729674700575606,0.0729479750965316,469
0.0729479750965316,0.0729479750965316,470
0.0729479750965316,0.0729196261858381,470
0.0729196261858381,0.0729196261858381,471
0.0729196261858381,0.0728919213189323,471
0.0728919213189323,0.0728919213189323,472
0.0728919213189323,0.0728631877440404,472
0.0728631877440404,0.0728631877440404,473
0.0728631877440404,0.0728404698814664,473
0.0728404698814664,0.0728404698814664,474
0.0728404698814664,0.0728106278002094,474
0.0728106278002094,0.0728106278002094,475
0.0728106278002094,0.0727906892213138,475
0.0727906892213138,0.0727906892213138,476
0.0727906892213138,0.072773612391618,476
0.072773612391618,0.072773612391618,477
0.072773612391618,0.0727540622052022,477
0.0727540622052022,0.0727540622052022,478
0.0727540622052022,0.0727222117464005,478
0.0727222117464005,0.0727222117464005,479
0.0727222117464005,0.0727029499352355,479
0.0727029499352355,0.0727029499352355,480
0.0727029499352355,0.07268396284869,480
0.07268396284869,0.07268396284869,481
0.07268396284869,0.0726522288191613,481
0.0726522288191613,0.0726522288191613,482
0.0726522288191613,0.0726332320181272,482
0.0726332320181272,0.0726332320181272,483
0.0726332320181272,0.0726129109744124,483
0.0726129109744124,0.0726129109744124,484
0.0726129109744124,0.0725903653115954,484
0.0725903653115954,0.0725903653115954,485
0.0725903653115954,0.0725699307721059,485
0.0725699307721059,0.0725699307721059,486
0.0725699307721059,0.0725396739918112,486
0.0725396739918112,0.0725396739918112,487
0.0725396739918112,0.0725203166916218,487
0.0725203166916218,0.0725203166916218,488
0.0725203166916218,0.0725015567639565,488
0.0725015567639565,0.0725015567639565,489
0.0725015567639565,0.0724722684756542,489
0.0724722684756542,0.0724722684756542,490
0.0724722684756542,0.07245336933336,490
0.07245336933336,0.07245336933336,491
0.07245336933336,0.0724329083994264,491
0.0724329083994264,0.0724329083994264,492
0.0724329083994264,0.0724109147507013,492
0.0724109147507013,0.0724109147507013,493
0.0724109147507013,0.0723902607162556,493
0.0723902607162556,0.0723902607162556,494
0.0723902607162556,0.0723693201500589,494
0.0723693201500589,0.0723693201500589,495
0.0723693201500589,0.0723487156690436,495
0.0723487156690436,0.0723487156690436,496
0.0723487156690436,0.0723284301852215,496
0.0723284301852215,0.0723284301852215,497
0.0723284301852215,0.0723063324055865,497
0.0723063324055865,0.0723063324055865,498
0.0723063324055865,0.0722865292364224,498
0.0722865292364224,0.0722865292364224,499
0.0722865292364224,0.0722657187749189,499
0.0722657187749189,0.0722657187749189,500
0.0722657187749189,0.0722444853580135,500
0.0722444853580135,0.0722444853580135,501
0.0722444853580135,0.0722232118402618,501
0.0722232118402618,0.0722232118402618,502
0.0722232118402618,0.0722026905019482,502
0.0722026905019482,0.0722026905019482,503
0.0722026905019482,0.072183211922057,503
0.072183211922057,0.072183211922057,504
0.072183211922057,0.0721633030117289,504
0.0721633030117289,0.0721633030117289,505
0.0721633030117289,0.0721383304856221,505
0.0721383304856221,0.0721383304856221,506
0.0721383304856221,0.0721206977714191,506
0.0721206977714191,0.0721206977714191,507
0.0721206977714191,0.072103447736812,507
0.072103447736812,0.072103447736812,508
0.072103447736812,0.0720742562744384,508
0.0720742562744384,0.0720742562744384,509
0.0720742562744384,0.0720574747512484,509
0.0720574747512484,0.0720574747512484,510
0.0720574747512484,0.0720387292150148,510
0.0720387292150148,0.0720387292150148,511
0.0720387292150148,0.0720190056954516,511
0.0720190056954516,0.0720190056954516,512
0.0720190056954516,0.0719993040559791,512
0.0719993040559791,0.0719993040559791,513
0.0719993040559791,0.0719801500965781,513
0.0719801500965781,0.0719801500965781,514
0.0719801500965781,0.0719616391752546,514
0.0719616391752546,0.0719616391752546,515
0.0719616391752546,0.0719334301908401,515
0.0719334301908401,0.0719334301908401,516
0.0719334301908401,0.0719172685496801,516
0.0719172685496801,0.0719172685496801,517
0.0719172685496801,0.0718999953357981,517
0.0718999953357981,0.0718999953357981,518
0.0718999953357981,0.0718763778582152,518
0.0718763778582152,0.0718763778582152,519
0.0718763778582152,0.0718588660239093,519
0.0718588660239093,0.0718588660239093,520
0.0718588660239093,0.071841053192035,520
0.071841053192035,0.071841053192035,521
0.071841053192035,0.0718202655158431,521
0.0718202655158431,0.0718202655158431,522
0.0718202655158431,0.0718023344338939,522
0.0718023344338939,0.0718023344338939,523
0.0718023344338939,0.0717839807089624,523
0.0717839807089624,0.0717839807089624,524
0.0717839807089624,0.0717671250373722,524
0.0717671250373722,0.0717671250373722,525
0.0717671250373722,0.0717468049045904,525
0.0717468049045904,0.0717468049045904,526
0.0717468049045904,0.0717254462113967,526
0.0717254462113967,0.0717254462113967,527
0.0717254462113967,0.0717063536512451,527
0.0717063536512451,0.0717063536512451,528
0.0717063536512451,0.0716844839435821,528
0.0716844839435821,0.0716844839435821,529
0.0716844839435821,0.0716648325087261,529
0.0716648325087261,0.0716648325087261,530
0.0716648325087261,0.0716441307128032,530
0.0716441307128032,0.0716441307128032,531
0.0716441307128032,0.0716242448383517,531
0.0716242448383517,0.0716242448383517,532
0.0716242448383517,0.0716080829069476,532
0.0716080829069476,0.0716080829069476,533
0.0716080829069476,0.0715895970346947,533
0.0715895970346947,0.0715895970346947,534
0.0715895970346947,0.071559268817863,534
0.071559268817863,0.071559268817863,535
0.071559268817863,0.0715417517715129,535
0.0715417517715129,0.0715417517715129,536
0.0715417517715129,0.0715228425750487,536
0.0715228425750487,0.0715228425750487,537
0.0715228425750487,0.0715012628947398,537
0.0715012628947398,0.0715012628947398,538
0.0715012628947398,0.0714816323910733,538
0.0714816323910733,0.0714816323910733,539
0.0714816323910733,0.0714633624499799,539
0.0714633624499799,0.0714633624499799,540
0.0714633624499799,0.0714360717904515,540
0.0714360717904515,0.0714360717904515,541
0.0714360717904515,0.0714183231140576,541
0.0714183231140576,0.0714183231140576,542
0.0714183231140576,0.0713908405656392,542
0.0713908405656392,0.0713908405656392,543
0.0713908405656392,0.071372733899438,543
0.071372733899438,0.071372733899438,544
0.071372733899438,0.0713554255311525,544
0.0713554255311525,0.0713554255311525,545
0.0713554255311525,0.0713303873279085,545
0.0713303873279085,0.0713303873279085,546
0.0713303873279085,0.0713132812824117,546
0.0713132812824117,0.0713132812824117,547
0.0713132812824117,0.0712950422928524,547
0.0712950422928524,0.0712950422928524,548
0.0712950422928524,0.0712737118969384,548
0.0712737118969384,0.0712737118969384,549
0.0712737118969384,0.0712555173274822,549
0.0712555173274822,0.0712555173274822,550
0.0712555173274822,0.0712315718385716,550
0.0712315718385716,0.0712315718385716,551
0.0712315718385716,0.0712142322288838,551
0.0712142322288838,0.0712142322288838,552
0.0712142322288838,0.0711945703338349,552
0.0711945703338349,0.0711945703338349,553
0.0711945703338349,0.0711758035361551,553
0.0711758035361551,0.0711758035361551,554
0.0711758035361551,0.0711568823298326,554
0.0711568823298326,0.0711568823298326,555
0.0711568823298326,0.0711373901837438,555
0.0711373901837438,0.0711373901837438,556
0.0711373901837438,0.0711206486611917,556
0.0711206486611917,0.0711206486611917,557
0.0711206486611917,0.0711005385620086,557
0.0711005385620086,0.0711005385620086,558
0.0711005385620086,0.0710828901936718,558
0.0710828901936718,0.0710828901936718,559
0.0710828901936718,0.0710660697866506,559
0.0710660697866506,0.0710660697866506,560
0.0710660697866506,0.0710452476847194,560
0.0710452476847194,0.0710452476847194,561
0.0710452476847194,0.0710291155623865,561
0.0710291155623865,0.0710291155623865,562
0.0710291155623865,0.0710092783824581,562
0.0710092783824581,0.0710092783824581,563
0.0710092783824581,0.0709919157881314,563
0.0709919157881314,0.0709919157881314,564
0.0709919157881314,0.0709720643617216,564
0.0709720643617216,0.0709720643617216,565
0.0709720643617216,0.0709552555453953,565
0.0709552555453953,0.0709552555453953,566
0.0709552555453953,0.0709381545157358,566
0.0709381545157358,0.0709381545157358,567
0.0709381545157358,0.0709183084885436,567
0.0709183084885436,0.0709183084885436,568
0.0709183084885436,0.0709020599234878,568
0.0709020599234878,0.0709020599234878,569
0.0709020599234878,0.0708819253325073,569
0.0708819253325073,0.0708819253325073,570
0.0708819253325073,0.0708651740450707,570
0.0708651740450707,0.0708651740450707,571
0.0708651740450707,0.0708485720182258,571
0.0708485720182258,0.0708485720182258,572
0.0708485720182258,0.0708301205370626,572
0.0708301205370626,0.0708301205370626,573
0.0708301205370626,0.0708131765760648,573
0.0708131765760648,0.0708131765760648,574
0.0708131765760648,0.0707939808582495,574
0.0707939808582495,0.0707939808582495,575
0.0707939808582495,0.0707766232784322,575
0.0707766232784322,0.0707766232784322,576
0.0707766232784322,0.0707517164956245,576
0.0707517164956245,0.0707517164956245,577
0.0707517164956245,0.0707346349296509,577
0.0707346349296509,0.0707346349296509,578
0.0707346349296509,0.0707166971739863,578
0.0707166971739863,0.0707166971739863,579
0.0707166971739863,0.0706984000002839,579
0.0706984000002839,0.0706984000002839,580
0.0706984000002839,0.0706809116197423,580
0.0706809116197423,0.0706809116197423,581
0.0706809116197423,0.0706624405910468,581
0.0706624405910468,0.0706624405910468,582
0.0706624405910468,0.0706456597532749,582
0.0706456597532749,0.0706456597532749,583
0.0706456597532749,0.0706291421218457,583
0.0706291421218457,0.0706291421218457,584
0.0706291421218457,0.070609823761252,584
0.070609823761252,0.070609823761252,585
0.070609823761252,0.0705933298162961,585
0.0705933298162961,0.0705933298162961,586
0.0705933298162961,0.0705751489990834,586
0.0705751489990834,0.0705751489990834,587
0.0705751489990834,0.0705576811806859,587
0.0705576811806859,0.0705576811806859,588
0.0705576811806859,0.0705390002253246,588
0.0705390002253246,0.0705390002253246,589
0.0705390002253246,0.0705227701877349,589
0.0705227701877349,0.0705227701877349,590
0.0705227701877349,0.0705052872378771,590
0.0705052872378771,0.0705052872378771,591
0.0705052872378771,0.0704875879334569,591
0.0704875879334569,0.0704875879334569,592
0.0704875879334569,0.0704711216844301,592
0.0704711216844301,0.0704711216844301,593
0.0704711216844301,0.0704520926195267,593
0.0704520926195267,0.0704520926195267,594
0.0704520926195267,0.0704358480246386,594
0.0704358480246386,0.0704358480246386,595
0.0704358480246386,0.0704174144534156,595
0.0704174144534156,0.0704174144534156,596
0.0704174144534156,0.070401233202783,596
0.070401233202783,0.070401233202783,597
0.070401233202783,0.0703841256758624,597
0.0703841256758624,0.0703841256758624,598
0.0703841256758624,0.0703661414670784,598
0.0703661414670784,0.0703661414670784,599
0.0703661414670784,0.0703487427614644,599
0.0703487427614644,0.0703487427614644,600
0.0703487427614644,0.0703319313868108,600
0.0703319313868108,0.0703319313868108,601
0.0703319313868108,0.0703149978136282,601
0.0703149978136282,0.0703149978136282,602
0.0703149978136282,0.0702970314709009,602
0.0702970314709009,0.0702970314709009,603
0.0702970314709009,0.0702801974944886,603
0.0702801974944886,0.0702801974944886,604
0.0702801974944886,0.0702626281272622,604
0.0702626281272622,0.0702626281272622,605
0.0702626281272622,0.0702452862664853,605
0.0702452862664853,0.0702452862664853,606
0.0702452862664853,0.0702287888162498,606
0.0702287888162498,0.0702287888162498,607
0.0702287888162498,0.0702111720787345,607
0.0702111720787345,0.0702111720787345,608
0.0702111720787345,0.0701952496784569,608
0.0701952496784569,0.0701952496784569,609
0.0701952496784569,0.0701775739742859,609
0.0701775739742859,0.0701775739742859,610
0.0701775739742859,0.0701601068354411,610
0.0701601068354411,0.0701601068354411,611
0.0701601068354411,0.0701432211916031,611
0.0701432211916031,0.0701432211916031,612
0.0701432211916031,0.070126345535658,612
0.070126345535658,0.070126345535658,613
0.070126345535658,0.070107241886571,613
0.070107241886571,0.070107241886571,614
0.070107241886571,0.07007691515934,614
0.07007691515934,0.07007691515934,615
0.07007691515934,0.0700583021049549,615
0.0700583021049549,0.0700583021049549,616
0.0700583021049549,0.0700413512748486,616
0.0700413512748486,0.0700413512748486,617
0.0700413512748486,0.0700239579258177,617
0.0700239579258177,0.0700239579258177,618
0.0700239579258177,0.0700069441054954,618
0.0700069441054954,0.0700069441054954,619
0.0700069441054954,0.0699895649229634,619
0.0699895649229634,0.0699895649229634,620
0.0699895649229634,0.0699732470330525,620
0.0699732470330525,0.0699732470330525,621
0.0699732470330525,0.0699435766394622,621
0.0699435766394622,0.0699435766394622,622
0.0699435766394622,0.0699242749110206,622
0.0699242749110206,0.0699242749110206,623
0.0699242749110206,0.0699061826680925,623
0.0699061826680925,0.0699061826680925,624
0.0699061826680925,0.069890673308466,624
0.069890673308466,0.069890673308466,625
0.069890673308466,0.0698752134224507,625
0.0698752134224507,0.0698752134224507,626
0.0698752134224507,0.0698572065924704,626
0.0698572065924704,0.0698572065924704,627
0.0698572065924704,0.0698416407235206,627
0.0698416407235206,0.0698416407235206,628
0.0698416407235206,0.0698227289850714,628
0.0698227289850714,0.0698227289850714,629
0.0698227289850714,0.0697935728813213,629
0.0697935728813213,0.0697935728813213,630
0.0697935728813213,0.0697746936157452,630
0.0697746936157452,0.0697746936157452,631
0.0697746936157452,0.0697587331557029,631
0.0697587331557029,0.0697587331557029,632
0.0697587331557029,0.06974099682886,632
0.06974099682886,0.06974099682886,633
0.06974099682886,0.0697256237694075,633
0.0697256237694075,0.0697256237694075,634
0.0697256237694075,0.06970835346374,634
0.06970835346374,0.06970835346374,635
0.06970835346374,0.0696926296651565,635
0.0696926296651565,0.0696926296651565,636
0.0696926296651565,0.0696751847865383,636
0.0696751847865383,0.0696751847865383,637
0.0696751847865383,0.0696598744651503,637
0.0696598744651503,0.0696598744651503,638
0.0696598744651503,0.0696440533650117,638
0.0696440533650117,0.0696440533650117,639
0.0696440533650117,0.0696274080064841,639
0.0696274080064841,0.0696274080064841,640
0.0696274080064841,0.0696109868062581,640
0.0696109868062581,0.0696109868062581,641
0.0696109868062581,0.0695943340693198,641
0.0695943340693198,0.0695943340693198,642
0.0695943340693198,0.0695790375015908,642
0.0695790375015908,0.0695790375015908,643
0.0695790375015908,0.0695621090651601,643
0.0695621090651601,0.0695621090651601,644
0.0695621090651601,0.0695464151850606,644
0.0695464151850606,0.0695464151850606,645
0.0695464151850606,0.0695312263752144,645
0.0695312263752144,0.0695312263752144,646
0.0695312263752144,0.0695148363238016,646
0.0695148363238016,0.0695148363238016,647
0.0695148363238016,0.0694919526501585,647
0.0694919526501585,0.0694919526501585,648
0.0694919526501585,0.0694760943365223,648
0.0694760943365223,0.0694760943365223,649
0.0694760943365223,0.0694605442770768,649
0.0694605442770768,0.0694605442770768,650
0.0694605442770768,0.0694436322476133,650
0.0694436322476133,0.0694436322476133,651
0.0694436322476133,0.069428025120859,651
0.069428025120859,0.069428025120859,652
0.069428025120859,0.0694117878039085,652
0.0694117878039085,0.0694117878039085,653
0.0694117878039085,0.0693958352434365,653
0.0693958352434365,0.0693958352434365,654
0.0693958352434365,0.0693797252056368,654
0.0693797252056368,0.0693797252056368,655
0.0693797252056368,0.0693639315151694,655
0.0693639315151694,0.0693639315151694,656
0.0693639315151694,0.069346084738226,656
0.069346084738226,0.069346084738226,657
0.069346084738226,0.0693161807918808,657
0.0693161807918808,0.0693161807918808,658
0.0693161807918808,0.0517238993700971,658
0.0517238993700971,0.0517238993700971,659
0.0517238993700971,0.051692307352184,659
0.051692307352184,0.051692307352184,660
0.051692307352184,0.0516683782929683,660
0.0516683782929683,0.0516683782929683,661
0.0516683782929683,0.0516509458878353,661
0.0516509458878353,0.0516509458878353,662
0.0516509458878353,0.0516319337416258,662
0.0516319337416258,0.0516319337416258,663
0.0516319337416258,0.051611883297758,663
0.051611883297758,0.051611883297758,664
0.051611883297758,0.0515971763268431,664
0.0515971763268431,0.0515971763268431,665
0.0515971763268431,0.0515832750458354,665
0.0515832750458354,0.0515832750458354,666
0.0515832750458354,0.0515615926545073,666
0.0515615926545073,0.0515615926545073,667
0.0515615926545073,0.0515417413589126,667
0.0515417413589126,0.0515417413589126,668
0.0515417413589126,0.0515236480152092,668
0.0515236480152092,0.0515236480152092,669
0.0515236480152092,0.0515017291648977,669
0.0515017291648977,0.0515017291648977,670
0.0515017291648977,0.0514866661985219,670
0.0514866661985219,0.0514866661985219,671
0.0514866661985219,0.0514648075985255,671
0.0514648075985255,0.0514648075985255,672
0.0514648075985255,0.0514392297051305,672
0.0514392297051305,0.0514392297051305,673
0.0514392297051305,0.0514174938931877,673
0.0514174938931877,0.0514174938931877,674
0.0514174938931877,0.0513958077004014,674
0.0513958077004014,0.0513958077004014,675
0.0513958077004014,0.0513796310116927,675
0.0513796310116927,0.0513796310116927,676
0.0513796310116927,0.0513579885384018,676
0.0513579885384018,0.0513579885384018,677
0.0513579885384018,0.0513363665888188,677
0.0513363665888188,0.0513363665888188,678
0.0513363665888188,0.0513196858499196,678
0.0513196858499196,0.0513196858499196,679
0.0513196858499196,0.0512981654117055,679
0.0512981654117055,0.0512981654117055,680
0.0512981654117055,0.0512822576304778,680
0.0512822576304778,0.0512822576304778,681
0.0512822576304778,0.0512607969673048,681
0.0512607969673048,0.0512607969673048,682
0.0512607969673048,0.0512446948499489,682
0.0512446948499489,0.0512446948499489,683
0.0512446948499489,0.0512236605942267,683
0.0512236605942267,0.0512236605942267,684
0.0512236605942267,0.0512026693294655,684
0.0512026693294655,0.0512026693294655,685
0.0512026693294655,0.0511875735637171,685
0.0511875735637171,0.0511875735637171,686
0.0511875735637171,0.0511666187016837,686
0.0511666187016837,0.0511666187016837,687
0.0511666187016837,0.0511521182334124,687
0.0511521182334124,0.0511521182334124,688
0.0511521182334124,0.0511312086838233,688
0.0511312086838233,0.0511312086838233,689
0.0511312086838233,0.0511172940331231,689
0.0511172940331231,0.0511172940331231,690
0.0511172940331231,0.0510964080882769,690
0.0510964080882769,0.0510964080882769,691
0.0510964080882769,0.0510830665787582,691
0.0510830665787582,0.0510830665787582,692
0.0510830665787582,0.0510622832038027,692
0.0510622832038027,0.0510622832038027,693
0.0510622832038027,0.0510362938930093,693
0.0510362938930093,0.0510362938930093,694
0.0510362938930093,0.0510155664104253,694
0.0510155664104253,0.0510155664104253,695
0.0510155664104253,0.0509948588446521,695
0.0509948588446521,0.0509948588446521,696
0.0509948588446521,0.0509741823862475,696
0.0509741823862475,0.0509741823862475,697
0.0509741823862475,0.0509496245863038,697
0.0509496245863038,0.0509496245863038,698
0.0509496245863038,0.050928892608973,698
0.050928892608973,0.050928892608973,699
0.050928892608973,0.0509081757555742,699
0.0509081757555742,0.0509081757555742,700
0.0509081757555742,0.0508868946653766,700
0.0508868946653766,0.0508868946653766,701
0.0508868946653766,0.0508665735156619,701
0.0508665735156619,0.0508665735156619,702
0.0508665735156619,0.0508463280265327,702
0.0508463280265327,0.0508463280265327,703
0.0508463280265327,0.0508260560579277,703
0.0508260560579277,0.0508260560579277,704
0.0508260560579277,0.0508058253706168,704
0.0508058253706168,0.0508058253706168,705
0.0508058253706168,0.0507854317082254,705
0.0507854317082254,0.0507854317082254,706
0.0507854317082254,0.0507663005558459,706
0.0507663005558459,0.0507663005558459,707
0.0507663005558459,0.0507471914779022,707
0.0507471914779022,0.0507471914779022,708
0.0507471914779022,0.0507270243124456,708
0.0507270243124456,0.0507270243124456,709
0.0507270243124456,0.0507080616155144,709
0.0507080616155144,0.0507080616155144,710
0.0507080616155144,0.0506891159296569,710
0.0506891159296569,0.0506891159296569,711
0.0506891159296569,0.050669506833765,711
0.050669506833765,0.050669506833765,712
0.050669506833765,0.0506506018782127,712
0.0506506018782127,0.0506506018782127,713
0.0506506018782127,0.050631979427522,713
0.050631979427522,0.050631979427522,714
0.050631979427522,0.0506122241183293,714
0.0506122241183293,0.0506122241183293,715
0.0506122241183293,0.0505936274389698,715
0.0505936274389698,0.0505936274389698,716
0.0505936274389698,0.0505750863811325,716
0.0505750863811325,0.0505750863811325,717
0.0505750863811325,0.0505555310231588,717
0.0505555310231588,0.0505555310231588,718
0.0505555310231588,0.0505370409412592,718
0.0505370409412592,0.0505370409412592,719
0.0505370409412592,0.050517678275131,719
0.050517678275131,0.050517678275131,720
0.050517678275131,0.0504993710755082,720
0.0504993710755082,0.0504993710755082,721
0.0504993710755082,0.0504811004004088,721
0.0504811004004088,0.0504811004004088,722
0.0504811004004088,0.0504622668055048,722
0.0504622668055048,0.0504622668055048,723
0.0504622668055048,0.0504440817669062,723
0.0504440817669062,0.0504440817669062,724
0.0504440817669062,0.0504259312065721,724
0.0504259312065721,0.0504259312065721,725
0.0504259312065721,0.0504068457162959,725
0.0504068457162959,0.0504068457162959,726
0.0504068457162959,0.0503885273287089,726
0.0503885273287089,0.0503885273287089,727
0.0503885273287089,0.0503721595539439,727
0.0503721595539439,0.0503721595539439,728
0.0503721595539439,0.0503539015713141,728
0.0503539015713141,0.0503539015713141,729
0.0503539015713141,0.0503375717381852,729
0.0503375717381852,0.0503375717381852,730
0.0503375717381852,0.0503195164880819,730
0.0503195164880819,0.0503195164880819,731
0.0503195164880819,0.0503014404864207,731
0.0503014404864207,0.0503014404864207,732
0.0503014404864207,0.0502850194140837,732
0.0502850194140837,0.0502850194140837,733
0.0502850194140837,0.0502670966654439,733
0.0502670966654439,0.0502670966654439,734
0.0502670966654439,0.0502491021616261,734
0.0502491021616261,0.0502491021616261,735
0.0502491021616261,0.0502312205921352,735
0.0502312205921352,0.0502312205921352,736
0.0502312205921352,0.0502134991336839,736
0.0502134991336839,0.0502134991336839,737
0.0502134991336839,0.0501891422507248,737
0.0501891422507248,0.0501891422507248,738
0.0501891422507248,0.050172818672264,738
0.050172818672264,0.050172818672264,739
0.050172818672264,0.0451302809950686,739
0.0451302809950686,0.0451302809950686,740
0.0451302809950686,0.0451147182507191,740
0.0451147182507191,0.0451147182507191,741
0.0451147182507191,0.0450991893555702,741
0.0450991893555702,0.0450991893555702,742
0.0450991893555702,0.0450836942273319,742
0.0450836942273319,0.0450836942273319,743
0.0450836942273319,0.0450683737527319,743
0.0450683737527319,0.0450683737527319,744
0.0450683737527319,0.0450530469949453,744
0.0450530469949453,0.0450530469949453,745
0.0450530469949453,0.0450377534922941,745
0.0450377534922941,0.0450377534922941,746
0.0450377534922941,0.0450224931641813,746
0.0450224931641813,0.0450224931641813,747
0.0450224931641813,0.0450071253201404,747
0.0450071253201404,0.0450071253201404,748
0.0450071253201404,0.0449919313510602,748
0.0449919313510602,0.0449919313510602,749
0.0449919313510602,0.0449767703154516,749
0.0449767703154516,0.0449767703154516,750
0.0449767703154516,0.0449616421336054,750
0.0449616421336054,0.0449616421336054,751
0.0449616421336054,0.0449465467260326,751
0.0449465467260326,0.0449465467260326,752
0.0449465467260326,0.0449312581245921,752
0.0449312581245921,0.0449312581245921,753
0.0449312581245921,0.0449161430968565,753
0.0449161430968565,0.0449161430968565,754
0.0449161430968565,0.0449010607884511,754
0.0449010607884511,0.0449010607884511,755
0.0449010607884511,0.0448860127544684,755
0.0448860127544684,0.0448860127544684,756
0.0448860127544684,0.0448706475538578,756
0.0448706475538578,0.0448706475538578,757
0.0448706475538578,0.0448551765902113,757
0.0448551765902113,0.0448551765902113,758
0.0448551765902113,0.0448398799437184,758
0.0448398799437184,0.0448398799437184,759
0.0448398799437184,0.0448277363821426,759
0.0448277363821426,0.0448277363821426,760
0.0448277363821426,0.044812484007687,760
0.044812484007687,0.044812484007687,761
0.044812484007687,0.0448003971033725,761
0.0448003971033725,0.0448003971033725,762
0.0448003971033725,0.0447883349855325,762
0.0447883349855325,0.0447883349855325,763
0.0447883349855325,0.0447761576701147,763
0.0447761576701147,0.0447761576701147,764
0.0447761576701147,0.044761014289409,764
0.044761014289409,0.044761014289409,765
0.044761014289409,0.044749033312379,765
0.044749033312379,0.044749033312379,766
0.044749033312379,0.0447370716045514,766
0.0447370716045514,0.0447370716045514,767
0.0447370716045514,0.0447251344005027,767
0.0447251344005027,0.0447251344005027,768
0.0447251344005027,0.0447100802883129,768
0.0447100802883129,0.0447100802883129,769
0.0447100802883129,0.0446980464259499,769
0.0446980464259499,0.0446980464259499,770
0.0446980464259499,0.0446861611743754,770
0.0446861611743754,0.0446861611743754,771
0.0446861611743754,0.0446743002544671,771
0.0446743002544671,0.0446743002544671,772
0.0446743002544671,0.0446624636114052,772
0.0446624636114052,0.0446624636114052,773
0.0446624636114052,0.0446475286283136,773
0.0446475286283136,0.0446475286283136,774
0.0446475286283136,0.0446356077862732,774
0.0446356077862732,0.0446356077862732,775
0.0446356077862732,0.0446238507128184,775
0.0446238507128184,0.0446238507128184,776
0.0446238507128184,0.0446121176823882,776
0.0446121176823882,0.0446121176823882,777
0.0446121176823882,0.0445972888293274,777
0.0445972888293274,0.0445972888293274,778
0.0445972888293274,0.0445856105444554,778
0.0445856105444554,0.0445856105444554,779
0.0445856105444554,0.0445739434019411,779
0.0445739434019411,0.0445739434019411,780
0.0445739434019411,0.0445621941581712,780
0.0445621941581712,0.0445621941581712,781
0.0445621941581712,0.0445474167632934,781
0.0445474167632934,0.0445474167632934,782
0.0445474167632934,0.0445357826968437,782
0.0445357826968437,0.0445357826968437,783
0.0445357826968437,0.0445241724010741,783
0.0445241724010741,0.0445241724010741,784
0.0445241724010741,0.0445125858225806,784
0.0445125858225806,0.0445125858225806,785
0.0445125858225806,0.0444979475605336,785
0.0444979475605336,0.0444979475605336,786
0.0444979475605336,0.0444752290471826,786
0.0444752290471826,0.0444752290471826,787
0.0444752290471826,0.0444637425911343,787
0.0444637425911343,0.0444637425911343,788
0.0444637425911343,0.0444522795743676,788
0.0444522795743676,0.0444522795743676,789
0.0444522795743676,0.0444377331107229,789
0.0444377331107229,0.0444377331107229,790
0.0444377331107229,0.0444148748940812,790
0.0444148748940812,0.0444148748940812,791
0.0444148748940812,0.0443920695218306,791
0.0443920695218306,0.0443920695218306,792
0.0443920695218306,0.0443779425666503,792
0.0443779425666503,0.0443779425666503,793
0.0443779425666503,0.0443552495384379,793
0.0443552495384379,0.0443552495384379,794
0.0443552495384379,0.0443408632312014,794
0.0443408632312014,0.0443408632312014,795
0.0443408632312014,0.0443184898931464,795
0.0443184898931464,0.0443184898931464,796
0.0443184898931464,0.0442958921959864,796
0.0442958921959864,0.0442958921959864,797
0.0442958921959864,0.0442818180114959,797
0.0442818180114959,0.0442818180114959,798
0.0442818180114959,0.0442595520455972,798
0.0442595520455972,0.0442595520455972,799
0.0442595520455972,0.0442458384604879,799
0.0442458384604879,0.0442458384604879,800
0.0442458384604879,0.0442236460220675,800
0.0442236460220675,0.0442236460220675,801
0.0442236460220675,0.0442076994850599,801
0.0442076994850599,0.0442076994850599,802
0.0442076994850599,0.0441964754440749,802
0.0441964754440749,0.0441964754440749,803
0.0441964754440749,0.044180671008674,803
0.044180671008674,0.044180671008674,804
0.044180671008674,0.044164851594282,804
0.044164851594282,0.044164851594282,805
0.044164851594282,0.0441532862360605,805
0.0441532862360605,0.0441532862360605,806
0.0441532862360605,0.0441375219665157,806
0.0441375219665157,0.0441375219665157,807
0.0441375219665157,0.044121612024861,807
0.044121612024861,0.044121612024861,808
0.044121612024861,0.0441103203381972,808
0.0441103203381972,0.0441103203381972,809
0.0441103203381972,0.0440976690602721,809
0.0440976690602721,0.0440976690602721,810
0.0440976690602721,0.0440848351152372,810
0.0440848351152372,0.0440848351152372,811
0.0440848351152372,0.0440630352234945,811
0.0440630352234945,0.0440630352234945,812
0.0440630352234945,0.0440505451631633,812
0.0440505451631633,0.0440505451631633,813
0.0440505451631633,0.0440383204322658,813
0.0440383204322658,0.0440383204322658,814
0.0440383204322658,0.0440256912171912,814
0.0440256912171912,0.0440256912171912,815
0.0440256912171912,0.0440134774628806,815
0.0440134774628806,0.0440134774628806,816
0.0440134774628806,0.0440010710673539,816
0.0440010710673539,0.0440010710673539,817
0.0440010710673539,0.0439855123513338,817
0.0439855123513338,0.0439855123513338,818
0.0439855123513338,0.043973362929303,818
0.043973362929303,0.043973362929303,819
0.043973362929303,0.043961051225645,819
0.043961051225645,0.043961051225645,820
0.043961051225645,0.0439487795397787,820
0.0439487795397787,0.0439487795397787,821
0.0439487795397787,0.0439335488342849,821
0.0439335488342849,0.0439335488342849,822
0.0439335488342849,0.0439179245169053,822
0.0439179245169053,0.0439179245169053,823
0.0439179245169053,0.0439058136598261,823
0.0439058136598261,0.0439058136598261,824
0.0439058136598261,0.0438939337431719,824
0.0438939337431719,0.0438939337431719,825
0.0438939337431719,0.0438789594059487,825
0.0438789594059487,0.0438789594059487,826
0.0438789594059487,0.0438632701371883,826
0.0438632701371883,0.0438632701371883,827
0.0438632701371883,0.0438511053665955,827
0.0438511053665955,0.0438511053665955,828
0.0438511053665955,0.0438387558938014,828
0.0438387558938014,0.0438387558938014,829
0.0438387558938014,0.0438235736776339,829
0.0438235736776339,0.0438235736776339,830
0.0438235736776339,0.0438113002490225,830
0.0438113002490225,0.0438113002490225,831
0.0438113002490225,0.0437957789324741,831
0.0437957789324741,0.0437957789324741,832
0.0437957789324741,0.0437833923797545,832
0.0437833923797545,0.0437833923797545,833
0.0437833923797545,0.0437683406958262,833
0.0437683406958262,0.0437683406958262,834
0.0437683406958262,0.0437561416232757,834
0.0437561416232757,0.0437561416232757,835
0.0437561416232757,0.0437406892047039,835
0.0437406892047039,0.0437406892047039,836
0.0437406892047039,0.0437285447393447,836
0.0437285447393447,0.0437285447393447,837
0.0437285447393447,0.0437134320198859,837
0.0437134320198859,0.0437134320198859,838
0.0437134320198859,0.0437010379855221,838
0.0437010379855221,0.0437010379855221,839
0.0437010379855221,0.0436890614296084,839
0.0436890614296084,0.0436890614296084,840
0.0436890614296084,0.0436736108971161,840
0.0436736108971161,0.0436736108971161,841
0.0436736108971161,0.0436584614558974,841
0.0436584614558974,0.0436584614558974,842
0.0436584614558974,0.0436465324775811,842
0.0436465324775811,0.0436465324775811,843
0.0436465324775811,0.0436344438026448,843
0.0436344438026448,0.0436344438026448,844
0.0436344438026448,0.0436189274077085,844
0.0436189274077085,0.0436189274077085,845
0.0436189274077085,0.0436041541154867,845
0.0436041541154867,0.0436041541154867,846
0.0436041541154867,0.0435923394763207,846
0.0435923394763207,0.0435923394763207,847
0.0435923394763207,0.0435805639504862,847
0.0435805639504862,0.0435805639504862,848
0.0435805639504862,0.0435651459715707,848
0.0435651459715707,0.0435651459715707,849
0.0435651459715707,0.0435506382452317,849
0.0435506382452317,0.0435506382452317,850
0.0435506382452317,0.0435386821459815,850
0.0435386821459815,0.0435386821459815,851
0.0435386821459815,0.0435268126936863,851
0.0435268126936863,0.0435268126936863,852
0.0435268126936863,0.04351516952703,852
0.04351516952703,0.04351516952703,853
0.04351516952703,0.0434937388554334,853
0.0434937388554334,0.0434937388554334,854
0.0434937388554334,0.0434824911593426,854
0.0434824911593426,0.0434824911593426,855
0.0434824911593426,0.0434709388074864,855
0.0434709388074864,0.0434709388074864,856
0.0434709388074864,0.043459027608816,856
0.043459027608816,0.043459027608816,857
0.043459027608816,0.0434478262984753,857
0.0434478262984753,0.0434478262984753,858
0.0434478262984753,0.0434333646418861,858
0.0434333646418861,0.0434333646418861,859
0.0434333646418861,0.043418034891503,859
0.043418034891503,0.043418034891503,860
0.043418034891503,0.0434068236520523,860
0.0434068236520523,0.0434068236520523,861
0.0434068236520523,0.0433951274082975,861
0.0433951274082975,0.0433951274082975,862
0.0433951274082975,0.0433803990646905,862
0.0433803990646905,0.0433803990646905,863
0.0433803990646905,0.0433687719777089,863
0.0433687719777089,0.0433687719777089,864
0.0433687719777089,0.0433536399558266,864
0.0433536399558266,0.0433536399558266,865
0.0433536399558266,0.0433420272143518,865
0.0433420272143518,0.0433420272143518,866
0.0433420272143518,0.0433276480631365,866
0.0433276480631365,0.0433276480631365,867
0.0433276480631365,0.0433160860026152,867
0.0433160860026152,0.0433160860026152,868
0.0433160860026152,0.0433009845478358,868
0.0433009845478358,0.0433009845478358,869
0.0433009845478358,0.0432895965755435,869
0.0432895965755435,0.0432895965755435,870
0.0432895965755435,0.043275335534473,870
0.043275335534473,0.043275335534473,871
0.043275335534473,0.0432638765076242,871
0.0432638765076242,0.0432638765076242,872
0.0432638765076242,0.0432529580451374,872
0.0432529580451374,0.0432529580451374,873
0.0432529580451374,0.0432378821570121,873
0.0432378821570121,0.0432378821570121,874
0.0432378821570121,0.0432233202294041,874
0.0432233202294041,0.0432233202294041,875
0.0432233202294041,0.0432124944080327,875
0.0432124944080327,0.0432124944080327,876
0.0432124944080327,0.0432012016769705,876
0.0432012016769705,0.0432012016769705,877
0.0432012016769705,0.0431900995296588,877
0.0431900995296588,0.0431900995296588,878
0.0431900995296588,0.0431750867127292,878
0.0431750867127292,0.0431750867127292,879
0.0431750867127292,0.0431613530232113,879
0.0431613530232113,0.0431613530232113,880
0.0431613530232113,0.0431502533554424,880
0.0431502533554424,0.0431502533554424,881
0.0431502533554424,0.0431388060893066,881
0.0431388060893066,0.0431388060893066,882
0.0431388060893066,0.0431236771216411,882
0.0431236771216411,0.0431236771216411,883
0.0431236771216411,0.0431097419815018,883
0.0431097419815018,0.0431097419815018,884
0.0431097419815018,0.0430987566066231,884
0.0430987566066231,0.0430987566066231,885
0.0430987566066231,0.0430877822380906,885
0.0430877822380906,0.0430877822380906,886
0.0430877822380906,0.0430739366125616,886
0.0430739366125616,0.0430739366125616,887
0.0430739366125616,0.0430586951884032,887
0.0430586951884032,0.0430586951884032,888
0.0430586951884032,0.0430476691062977,888
0.0430476691062977,0.0430476691062977,889
0.0430476691062977,0.0430368053356087,889
0.0430368053356087,0.0430368053356087,890
0.0430368053356087,0.043023002196613,890
0.043023002196613,0.043023002196613,891
0.043023002196613,0.0430080708536746,891
0.0430080708536746,0.0430080708536746,892
0.0430080708536746,0.0429972705145462,892
0.0429972705145462,0.0429972705145462,893
0.0429972705145462,0.0429757335545759,893
0.0429757335545759,0.0429757335545759,894
0.0429757335545759,0.042961565321509,894
0.042961565321509,0.042961565321509,895
0.042961565321509,0.0429466239891869,895
0.0429466239891869,0.0429466239891869,896
0.0429466239891869,0.0429350123777426,896
0.0429350123777426,0.0429350123777426,897
0.0429350123777426,0.0429210443679111,897
0.0429210443679111,0.0429210443679111,898
0.0429210443679111,0.0429097656744467,898
0.0429097656744467,0.0429097656744467,899
0.0429097656744467,0.0428987820316617,899
0.0428987820316617,0.0428987820316617,900
0.0428987820316617,0.0428839156674431,900
0.0428839156674431,0.0428839156674431,901
0.0428839156674431,0.0428701757102602,901
0.0428701757102602,0.0428701757102602,902
0.0428701757102602,0.0428593226353279,902
0.0428593226353279,0.0428593226353279,903
0.0428593226353279,0.0428479511199534,903
0.0428479511199534,0.0428479511199534,904
0.0428479511199534,0.0428329038941389,904
0.0428329038941389,0.0428329038941389,905
0.0428329038941389,0.0428187614008041,905
0.0428187614008041,0.0428187614008041,906
0.0428187614008041,0.0428079497668631,906
0.0428079497668631,0.0428079497668631,907
0.0428079497668631,0.0427969024722286,907
0.0427969024722286,0.0427969024722286,908
0.0427969024722286,0.0427861393123305,908
0.0427861393123305,0.0427861393123305,909
0.0427861393123305,0.0427711487563877,909
0.0427711487563877,0.0427711487563877,910
0.0427711487563877,0.0427570352485929,910
0.0427570352485929,0.0427570352485929,911
0.0427570352485929,0.0427360417358567,911
0.0427360417358567,0.0427360417358567,912
0.0427360417358567,0.0427246396804145,912
0.0427246396804145,0.0427246396804145,913
0.0427246396804145,0.0427097102530016,913
0.0427097102530016,0.0427097102530016,914
0.0427097102530016,0.0426986147706085,914
0.0426986147706085,0.0426986147706085,915
0.0426986147706085,0.042677544091292,915
0.042677544091292,0.042677544091292,916
0.042677544091292,0.0426637509264033,916
0.0426637509264033,0.0426637509264033,917
0.0426637509264033,0.0426487345403193,917
0.0426487345403193,0.0426487345403193,918
0.0426487345403193,0.0426336562207247,918
0.0426336562207247,0.0426336562207247,919
0.0426336562207247,0.0426229341955627,919
0.0426229341955627,0.0426229341955627,920
0.0426229341955627,0.0426092982229416,920
0.0426092982229416,0.0426092982229416,921
0.0426092982229416,0.0425943998440959,921
0.0425943998440959,0.0425943998440959,922
0.0425943998440959,0.042573221741266,922
0.042573221741266,0.042573221741266,923
0.042573221741266,0.0425603430942687,923
0.0425603430942687,0.0425603430942687,924
0.0425603430942687,0.0425455879424009,924
0.0425455879424009,0.0425455879424009,925
0.0425455879424009,0.0425347706625454,925
0.0425347706625454,0.0425347706625454,926
0.0425347706625454,0.0425225759084403,926
0.0425225759084403,0.0425225759084403,927
0.0425225759084403,0.0425118358668517,927
0.0425118358668517,0.0425118358668517,928
0.0425118358668517,0.0424908569348177,928
0.0424908569348177,0.0424908569348177,929
0.0424908569348177,0.0424759665430949,929
0.0424759665430949,0.0424759665430949,930
0.0424759665430949,0.0424552999760988,930
0.0424552999760988,0.0424552999760988,931
0.0424552999760988,0.0424402691302935,931
0.0424402691302935,0.0424402691302935,932
0.0424402691302935,0.0424255624966148,932
0.0424255624966148,0.0424255624966148,933
0.0424255624966148,0.0424065140474704,933
0.0424065140474704,0.0424065140474704,934
0.0424065140474704,0.0423854804491971,934
0.0423854804491971,0.0423854804491971,935
0.0423854804491971,0.0423728493354971,935
0.0423728493354971,0.0423728493354971,936
0.0423728493354971,0.0423557559404879,936
0.0423557559404879,0.0423557559404879,937
0.0423557559404879,0.0423427536794931,937
0.0423427536794931,0.0423427536794931,938
0.0423427536794931,0.0423255181722685,938
0.0423255181722685,0.0423255181722685,939
0.0423255181722685,0.0423104733624694,939
0.0423104733624694,0.0423104733624694,940
0.0423104733624694,0.0422915094358945,940
0.0422915094358945,0.0422915094358945,941
0.0422915094358945,0.0422765686475961,941
0.0422765686475961,0.0422765686475961,942
0.0422765686475961,0.0422637115413421,942
0.0422637115413421,0.0422637115413421,943
0.0422637115413421,0.0422496039490364,943
0.0422496039490364,0.0422496039490364,944
0.0422496039490364,0.0422310111121499,944
0.0422310111121499,0.0422310111121499,945
0.0422310111121499,0.042216043122039,945
0.042216043122039,0.042216043122039,946
0.042216043122039,0.0421988112076303,946
0.0421988112076303,0.0421988112076303,947
0.0421988112076303,0.0421856394238207,947
0.0421856394238207,0.0421856394238207,948
0.0421856394238207,0.0421686555113183,948
0.0421686555113183,0.0421686555113183,949
0.0421686555113183,0.0421566733116585,949
0.0421566733116585,0.0421566733116585,950
0.0421566733116585,0.0421419472057541,950
0.0421419472057541,0.0421419472057541,951
0.0421419472057541,0.0421223041889384,951
0.0421223041889384,0.0421223041889384,952
0.0421223041889384,0.0421076532454817,952
0.0421076532454817,0.0421076532454817,953
0.0421076532454817,0.0420904984253492,953
0.0420904984253492,0.0420904984253492,954
0.0420904984253492,0.0420774433816516,954
0.0420774433816516,0.0420774433816516,955
0.0420774433816516,0.0420663322526905,955
0.0420663322526905,0.0420663322526905,956
0.0420663322526905,0.0420544174537566,956
0.0420544174537566,0.0420544174537566,957
0.0420544174537566,0.0420396893948493,957
0.0420396893948493,0.0420396893948493,958
0.0420396893948493,0.042028367600751,958
0.042028367600751,0.042028367600751,959
0.042028367600751,0.0420137807954076,959
0.0420137807954076,0.0420137807954076,960
0.0420137807954076,0.0419973364418411,960
0.0419973364418411,0.0419973364418411,961
0.0419973364418411,0.0419849046015514,961
0.0419849046015514,0.0419849046015514,962
0.0419849046015514,0.0419653127598987,962
0.0419653127598987,0.0419653127598987,963
0.0419653127598987,0.0419506174317925,963
0.0419506174317925,0.0419506174317925,964
0.0419506174317925,0.0419355187674731,964
0.0419355187674731,0.0419355187674731,965
0.0419355187674731,0.0419223770502969,965
0.0419223770502969,0.0419223770502969,966
0.0419223770502969,0.041905954599072,966
0.041905954599072,0.041905954599072,967
0.041905954599072,0.0418903331442417,967
0.0418903331442417,0.0418903331442417,968
0.0418903331442417,0.0418778228896176,968
0.0418778228896176,0.0418778228896176,969
0.0418778228896176,0.0418649793077418,969
0.0418649793077418,0.0418649793077418,970
0.0418649793077418,0.0418487906244449,970
0.0418487906244449,0.0418487906244449,971
0.0418487906244449,0.0418373811702777,971
0.0418373811702777,0.0418373811702777,972
0.0418373811702777,0.0418208139368664,972
0.0418208139368664,0.0418208139368664,973
0.0418208139368664,0.0418083543906178,973
0.0418083543906178,0.0418083543906178,974
0.0418083543906178,0.0417899023909279,974
0.0417899023909279,0.0417899023909279,975
0.0417899023909279,0.041773444780577,975
0.041773444780577,0.041773444780577,976
0.041773444780577,0.0417570340909356,976
0.0417570340909356,0.0417570340909356,977
0.0417570340909356,0.0417421715564045,977
0.0417421715564045,0.0417421715564045,978
0.0417421715564045,0.0417280854590558,978
0.0417280854590558,0.0417280854590558,979
0.0417280854590558,0.041715986280757,979
0.041715986280757,0.041715986280757,980
0.041715986280757,0.0416967306957541,980
0.0416967306957541,0.0416967306957541,981
0.0416967306957541,0.0416827877052293,981
0.0416827877052293,0.0416827877052293,982
0.0416827877052293,0.0416672440898547,982
0.0416672440898547,0.0416672440898547,983
0.0416672440898547,0.0416476149616029,983
0.0416476149616029,0.0416476149616029,984
0.0416476149616029,0.041635577321203,984
0.041635577321203,0.041635577321203,985
0.041635577321203,0.041616992665651,985
0.041616992665651,0.041616992665651,986
0.041616992665651,0.0416024939017939,986
0.0416024939017939,0.0416024939017939,987
0.0416024939017939,0.0415862068603839,987
0.0415862068603839,0.0415862068603839,988
0.0415862068603839,0.0415688068197457,988
0.0415688068197457,0.0415688068197457,989
0.0415688068197457,0.0415545242468055,989
0.0415545242468055,0.0415545242468055,990
0.0415545242468055,0.0415375013764295,990
0.0415375013764295,0.0415375013764295,991
0.0415375013764295,0.0415191961843753,991
0.0415191961843753,0.0415191961843753,992
0.0415191961843753,0.0414989720173179,992
0.0414989720173179,0.0414989720173179,993
0.0414989720173179,0.0414796872793309,993
0.0414796872793309,0.0414796872793309,994
0.0414796872793309,0.041459170728784,994
0.041459170728784,0.041459170728784,995
0.041459170728784,0.0414417602248316,995
0.0414417602248316,0.0414417602248316,996
0.0414417602248316,0.0414309462919483,996
0.0414309462919483,0.0414309462919483,997
0.0414309462919483,0.0414166437339823,997
0.0414166437339823,0.0414166437339823,998
0.0414166437339823,0.0413978884724619,998
0.0413978884724619,0.0413978884724619,999
0.0413978884724619,0.0413846776544784,999
0.0413846776544784,0.0413846776544784,1000
0.0413846776544784,0.0413715214092091,1000
0.0413715214092091,0.0413715214092091,1001
0.0413715214092091,0.0413569851007531,1001
0.0413569851007531,0.0413569851007531,1002
0.0413569851007531,0.0413396335016194,1002
0.0413396335016194,0.0413396335016194,1003
0.0413396335016194,0.0413205823426929,1003
0.0413205823426929,0.0413205823426929,1004
0.0413205823426929,0.0413063316270657,1004
0.0413063316270657,0.0413063316270657,1005
0.0413063316270657,0.0412862284455099,1005
0.0412862284455099,0.0412862284455099,1006
0.0412862284455099,0.0412662558551699,1006
0.0412662558551699,0.0412662558551699,1007
0.0412662558551699,0.0412544868623921,1007
0.0412544868623921,0.0412544868623921,1008
0.0412544868623921,0.0412345691773185,1008
0.0412345691773185,0.0412345691773185,1009
0.0412345691773185,0.0412224169345664,1009
0.0412224169345664,0.0412224169345664,1010
0.0412224169345664,0.0412081220174498,1010
0.0412081220174498,0.0412081220174498,1011
0.0412081220174498,0.0411904182736741,1011
0.0411904182736741,0.0411904182736741,1012
0.0411904182736741,0.0411761201888992,1012
0.0411761201888992,0.0411761201888992,1013
0.0411761201888992,0.0411567364804031,1013
0.0411567364804031,0.0411567364804031,1014
0.0411567364804031,0.0411422540182705,1014
0.0411422540182705,0.0411422540182705,1015
0.0411422540182705,0.0411220053645859,1015
0.0411220053645859,0.0411220053645859,1016
0.0411220053645859,0.0411043708638374,1016
0.0411043708638374,0.0411043708638374,1017
0.0411043708638374,0.0410901487968781,1017
0.0410901487968781,0.0410901487968781,1018
0.0410901487968781,0.0410715567650722,1018
0.0410715567650722,0.0410715567650722,1019
0.0410715567650722,0.0410586323971121,1019
0.0410586323971121,0.0410586323971121,1020
0.0410586323971121,0.0410445575980838,1020
0.0410445575980838,0.0410445575980838,1021
0.0410445575980838,0.0410272027122225,1021
0.0410272027122225,0.0410272027122225,1022
0.0410272027122225,0.0410130621135642,1022
0.0410130621135642,0.0410130621135642,1023
0.0410130621135642,0.0409964173330205,1023
0.0409964173330205,0.0409964173330205,1024
0.0409964173330205,0.0409823222752612,1024
0.0409823222752612,0.0409823222752612,1025
0.0409823222752612,0.0409644261090604,1025
0.0409644261090604,0.0409644261090604,1026
0.0409644261090604,0.0409473461287709,1026
0.0409473461287709,0.0409473461287709,1027
0.0409473461287709,0.0409322595190745,1027
0.0409322595190745,0.0409322595190745,1028
0.0409322595190745,0.040911992949214,1028
0.040911992949214,0.040911992949214,1029
0.040911992949214,0.0408977997281377,1029
0.0408977997281377,0.0408977997281377,1030
0.0408977997281377,0.0408803625848177,1030
0.0408803625848177,0.0408803625848177,1031
0.0408803625848177,0.0408660461460211,1031
0.0408660461460211,0.0408660461460211,1032
0.0408660461460211,0.0408533549045909,1032
0.0408533549045909,0.0408533549045909,1033
0.0408533549045909,0.0408399629905607,1033
0.0408399629905607,0.0408399629905607,1034
0.0408399629905607,0.0408288176198686,1034
0.0408288176198686,0.0408288176198686,1035
0.0408288176198686,0.0408122011422577,1035
0.0408122011422577,0.0408122011422577,1036
0.0408122011422577,0.0407965344562627,1036
0.0407965344562627,0.0407965344562627,1037
0.0407965344562627,0.040782604134817,1037
0.040782604134817,0.040782604134817,1038
0.040782604134817,0.0407707366858672,1038
0.0407707366858672,0.0407707366858672,1039
0.0407707366858672,0.0407564238402459,1039
0.0407564238402459,0.0407564238402459,1040
0.0407564238402459,0.040744927384133,1040
0.040744927384133,0.040744927384133,1041
0.040744927384133,0.0407307647726,1041
0.0407307647726,0.0407307647726,1042
0.0407307647726,0.040719750528263,1042
0.040719750528263,0.040719750528263,1043
0.040719750528263,0.040702874951059,1043
0.040702874951059,0.040702874951059,1044
0.040702874951059,0.0406855962684779,1044
0.0406855962684779,0.0406855962684779,1045
0.0406855962684779,0.040669702591826,1045
0.040669702591826,0.040669702591826,1046
0.040669702591826,0.0406498748903991,1046
0.0406498748903991,0.0406498748903991,1047
0.0406498748903991,0.040634237374634,1047
0.040634237374634,0.040634237374634,1048
0.040634237374634,0.0406194270364006,1048
0.0406194270364006,0.0406194270364006,1049
0.0406194270364006,0.0406053007449997,1049
0.0406053007449997,0.0406053007449997,1050
0.0406053007449997,0.0405868157240479,1050
0.0405868157240479,0.0405868157240479,1051
0.0405868157240479,0.0405730066411983,1051
0.0405730066411983,0.0405730066411983,1052
0.0405730066411983,0.0405616434100717,1052
0.0405616434100717,0.0405616434100717,1053
0.0405616434100717,0.0405415940101371,1053
0.0405415940101371,0.0405415940101371,1054
0.0405415940101371,0.0405287576862702,1054
0.0405287576862702,0.0405287576862702,1055
0.0405287576862702,0.0405126846683852,1055
0.0405126846683852,0.0405126846683852,1056
0.0405126846683852,0.0404959271806647,1056
0.0404959271806647,0.0404959271806647,1057
0.0404959271806647,0.0404788387427066,1057
0.0404788387427066,0.0404788387427066,1058
0.0404788387427066,0.0404674147505079,1058
0.0404674147505079,0.0404674147505079,1059
0.0404674147505079,0.0404562896070828,1059
0.0404562896070828,0.0404562896070828,1060
0.0404562896070828,0.0404376411464087,1060
0.0404376411464087,0.0404376411464087,1061
0.0404376411464087,0.0404236751072836,1061
0.0404236751072836,0.0404236751072836,1062
0.0404236751072836,0.0404057814424044,1062
0.0404057814424044,0.0404057814424044,1063
0.0404057814424044,0.0403919018184996,1063
0.0403919018184996,0.0403919018184996,1064
0.0403919018184996,0.040377230044901,1064
0.040377230044901,0.040377230044901,1065
0.040377230044901,0.0403639217207334,1065
0.0403639217207334,0.0403639217207334,1066
0.0403639217207334,0.0403454044647818,1066
0.0403454044647818,0.0403454044647818,1067
0.0403454044647818,0.0403337576569185,1067
0.0403337576569185,0.0403337576569185,1068
0.0403337576569185,0.0403219617980501,1068
0.0403219617980501,0.0403219617980501,1069
0.0403219617980501,0.040304135784575,1069
0.040304135784575,0.040304135784575,1070
0.040304135784575,0.0402902716909684,1070
0.0402902716909684,0.0402902716909684,1071
0.0402902716909684,0.0402721903934238,1071
0.0402721903934238,0.0402721903934238,1072
0.0402721903934238,0.0402600140267235,1072
0.0402600140267235,0.0402600140267235,1073
0.0402600140267235,0.0402456476627571,1073
0.0402456476627571,0.0402456476627571,1074
0.0402456476627571,0.0402294629018068,1074
0.0402294629018068,0.0402294629018068,1075
0.0402294629018068,0.0402155101308588,1075
0.0402155101308588,0.0402155101308588,1076
0.0402155101308588,0.0402031807984887,1076
0.0402031807984887,0.0402031807984887,1077
0.0402031807984887,0.0401895538885072,1077
0.0401895538885072,0.0401895538885072,1078
0.0401895538885072,0.0401713693668099,1078
0.0401713693668099,0.0401713693668099,1079
0.0401713693668099,0.0401608650574192,1079
0.0401608650574192,0.0401608650574192,1080
0.0401608650574192,0.0401471583625677,1080
0.0401471583625677,0.0401471583625677,1081
0.0401471583625677,0.0401292457354426,1081
0.0401292457354426,0.0401292457354426,1082
0.0401292457354426,0.0401093608072456,1082
0.0401093608072456,0.0401093608072456,1083
0.0401093608072456,0.0400956677694835,1083
0.0400956677694835,0.0400956677694835,1084
0.0400956677694835,0.0400806897949582,1084
0.0400806897949582,0.0400806897949582,1085
0.0400806897949582,0.0400669017084683,1085
0.0400669017084683,0.0400669017084683,1086
0.0400669017084683,0.0400485159685619,1086
0.0400485159685619,0.0400485159685619,1087
0.0400485159685619,0.0400385139621455,1087
0.0400385139621455,0.0400385139621455,1088
0.0400385139621455,0.0400211828325374,1088
0.0400211828325374,0.0400211828325374,1089
0.0400211828325374,0.040008472377135,1089
0.040008472377135,0.040008472377135,1090
0.040008472377135,0.0399887409566352,1090
0.0399887409566352,0.0399887409566352,1091
0.0399887409566352,0.0399711319567764,1091
0.0399711319567764,0.0399711319567764,1092
0.0399711319567764,0.0399569522978062,1092
0.0399569522978062,0.0399569522978062,1093
0.0399569522978062,0.0399416843556181,1093
0.0399416843556181,0.0399416843556181,1094
0.0399416843556181,0.0399280033888665,1094
0.0399280033888665,0.0399280033888665,1095
0.0399280033888665,0.0399158359542417,1095
0.0399158359542417,0.0399158359542417,1096
0.0399158359542417,0.0399023893245571,1096
0.0399023893245571,0.0399023893245571,1097
0.0399023893245571,0.0398870818850992,1097
0.0398870818850992,0.0398870818850992,1098
0.0398870818850992,0.0398694017504257,1098
0.0398694017504257,0.0398694017504257,1099
0.0398694017504257,0.0398572129862336,1099
0.0398572129862336,0.0398572129862336,1100
0.0398572129862336,0.0398382002030366,1100
0.0398382002030366,0.0398382002030366,1101
0.0398382002030366,0.0398243230051362,1101
0.0398243230051362,0.0398243230051362,1102
0.0398243230051362,0.03980944779919,1102
0.03980944779919,0.03980944779919,1103
0.03980944779919,0.0397953049456467,1103
0.0397953049456467,0.0397953049456467,1104
0.0397953049456467,0.0397820809737661,1104
0.0397820809737661,0.0397820809737661,1105
0.0397820809737661,0.0397685984444533,1105
0.0397685984444533,0.0397685984444533,1106
0.0397685984444533,0.0397583484463446,1106
0.0397583484463446,0.0397583484463446,1107
0.0397583484463446,0.0397426126689449,1107
0.0397426126689449,0.0397426126689449,1108
0.0397426126689449,0.0397287003438872,1108
0.0397287003438872,0.0397287003438872,1109
0.0397287003438872,0.0397141973196017,1109
0.0397141973196017,0.0397141973196017,1110
0.0397141973196017,0.0396976140698417,1110
0.0396976140698417,0.0396976140698417,1111
0.0396976140698417,0.0396786343491017,1111
0.0396786343491017,0.0396786343491017,1112
0.0396786343491017,0.0396640616239778,1112
0.0396640616239778,0.0396640616239778,1113
0.0396640616239778,0.0396481816119224,1113
0.0396481816119224,0.0396481816119224,1114
0.0396481816119224,0.0396372010077824,1114
0.0396372010077824,0.0396372010077824,1115
0.0396372010077824,0.0396234137920285,1115
0.0396234137920285,0.0396234137920285,1116
0.0396234137920285,0.0396047056564397,1116
0.0396047056564397,0.0396047056564397,1117
0.0396047056564397,0.0395910242796476,1117
0.0395910242796476,0.0395910242796476,1118
0.0395910242796476,0.0395768387901101,1118
0.0395768387901101,0.0395768387901101,1119
0.0395768387901101,0.0395568694777647,1119
0.0395568694777647,0.0395568694777647,1120
0.0395568694777647,0.039542790337464,1120
